"STATION","DATE","LATITUDE","LONGITUDE","ELEVATION","NAME","TEMP","TEMP_ATTRIBUTES","DEWP","DEWP_ATTRIBUTES","SLP","SLP_ATTRIBUTES","STP","STP_ATTRIBUTES","VISIB","VISIB_ATTRIBUTES","WDSP","WDSP_ATTRIBUTES","MXSPD","GUST","MAX","MAX_ATTRIBUTES","MIN","MIN_ATTRIBUTES","PRCP","PRCP_ATTRIBUTES","SNDP","FRSHTT"
"01293099999","2024-01-01","63.4166666","11.7333333","171.0","MERAKER EGGE, NO","  19.1","24","   9.0","24","1016.5","24","994.7","24","999.9"," 0","  8.6","24"," 13.6","999.9","  23.4"," ","  13.1"," "," 0.00","G"," 10.6","000000"
"01293099999","2024-01-02","63.4166666","11.7333333","171.0","MERAKER EGGE, NO","  14.0","24","   2.3","24","1016.8","24","994.7","24","999.9"," 0","  8.9","24"," 15.5","999.9","  17.2"," ","  10.4"," "," 0.00","G"," 10.2","000000"
"01293099999","2024-01-03","63.4166666","11.7333333","171.0","MERAKER EGGE, NO","  12.9","21","   1.3","21","1012.1","21","990.1","21","999.9"," 0","  8.8","21"," 15.5","999.9","  14.9"," ","   6.8"," "," 0.00","G"," 10.2","000000"
"01293099999","2024-01-04","63.4166666","11.7333333","171.0","MERAKER EGGE, NO","   6.0","24","  -3.8","24","1012.8","24","990.4","24","999.9"," 0","  5.3","24","  9.7","999.9","  13.6"," ","  -8.1"," "," 0.00","G","  9.8","000000"
"01293099999","2024-01-05","63.4166666","11.7333333","171.0","MERAKER EGGE, NO","   5.9","24","   1.4","24","1014.8","24","992.4","24","999.9"," 0","  1.5","24","  3.9","999.9","  15.4"," ","  -9.2"," "," 0.00","G","  9.8","000000"
"01293099999","2024-01-06","63.4166666","11.7333333","171.0","MERAKER EGGE, NO","  12.4","24","  10.0","24","1023.4","24","001.1","24","999.9"," 0","  1.4","24","  1.9","999.9","  19.9"," ","   3.2"," "," 0.00","G","  9.8","000000"
"01293099999","2024-01-07","63.4166666","11.7333333","171.0","MERAKER EGGE, NO","   1.0","24","  -2.0","24","1033.6","24","010.5","24","999.9"," 0","  1.8","24","  3.9","999.9","  10.6"," ","  -4.5"," "," 0.00","G","  9.8","000000"
"01293099999","2024-01-08","63.4166666","11.7333333","171.0","MERAKER EGGE, NO","  32.1","24","  31.4","24","1034.9","24","013.2","24","999.9"," 0","  2.4","24","  3.9","999.9","  36.1"," ","  14.4","*"," 0.02","G","  9.4","000000"
"01293099999","2024-01-09","63.4166666","11.7333333","171.0","MERAKER EGGE, NO","  37.0","24","  35.9","24","1034.8","24","013.4","24","999.9"," 0","  2.8","24","  5.8","999.9","  39.0"," ","  33.6"," "," 0.24","G","  8.3","000000"
"01293099999","2024-01-10","63.4166666","11.7333333","171.0","MERAKER EGGE, NO","  38.2","24","  36.1","24","1030.9","24","009.6","24","999.9"," 0","  4.6","24","  9.7","999.9","  40.3"," ","  35.6"," "," 0.15","G","  7.1","000000"
"01293099999","2024-01-11","63.4166666","11.7333333","171.0","MERAKER EGGE, NO","  37.2","24","  35.7","24","1028.9","24","007.6","24","999.9"," 0","  4.3","24","  7.8","999.9","  40.6"," ","  35.2"," "," 0.54","G","  5.1","000000"
"01293099999","2024-01-12","63.4166666","11.7333333","171.0","MERAKER EGGE, NO","  37.2","24","  34.6","24","1017.3","24","996.2","24","999.9"," 0","  5.2","24","  9.7","999.9","  40.3"," ","  35.2"," "," 0.30","G","  2.8","000000"
"01293099999","2024-01-13","63.4166666","11.7333333","171.0","MERAKER EGGE, NO","  34.6","24","  33.1","24"," 996.5","24","975.7","24","999.9"," 0","  3.4","24","  7.8","999.9","  40.3"," ","  33.1"," "," 0.30","G","  2.0","000000"
"01293099999","2024-01-14","63.4166666","11.7333333","171.0","MERAKER EGGE, NO","  24.9","24","  23.4","24"," 992.6","24","971.6","24","999.9"," 0","  1.6","24","  3.9","999.9","  35.8"," ","  14.0"," "," 0.50","G","  6.3","000000"
"01293099999","2024-01-15","63.4166666","11.7333333","171.0","MERAKER EGGE, NO","   6.5","24","   3.6","24"," 997.3","24","975.3","24","999.9"," 0","  2.1","24","  3.9","999.9","  17.4"," ","  -8.7"," "," 0.13","G","  5.5","000000"
"01293099999","2024-01-16","63.4166666","11.7333333","171.0","MERAKER EGGE, NO","   6.8","24","   3.7","24"," 992.7","24","970.8","24","999.9"," 0","  1.8","24","  3.9","999.9","  17.2"," ","  -8.9"," "," 0.00","G","  5.1","000000"
"01293099999","2024-01-17","63.4166666","11.7333333","171.0","MERAKER EGGE, NO","   0.7","24","  -4.0","24"," 988.5","24","966.5","24","999.9"," 0","  4.1","24","  5.8","999.9","  16.7"," ","  -6.5"," "," 0.00","G","  5.1","000000"
"01293099999","2024-01-18","63.4166666","11.7333333","171.0","MERAKER EGGE, NO","   1.0","24","  -2.6","24"," 989.8","24","967.7","24","999.9"," 0","  2.2","24","  5.8","999.9","   6.6"," ","  -7.4"," "," 0.02","G","  5.9","000000"
"01293099999","2024-01-19","63.4166666","11.7333333","171.0","MERAKER EGGE, NO","  -2.6","24","  -6.3","24"," 999.1","24","976.6","24","999.9"," 0","  1.9","24","  3.9","999.9","   4.5"," ","  -9.4"," "," 0.00","G","  5.9","000000"
"01293099999","2024-01-20","63.4166666","11.7333333","171.0","MERAKER EGGE, NO","   8.3","24","   4.0","24","1009.5","24","987.3","24","999.9"," 0","  2.8","24","  5.8","999.9","  27.9"," ","  -4.9"," "," 0.00","G","  5.5","000000"
"01293099999","2024-01-21","63.4166666","11.7333333","171.0","MERAKER EGGE, NO","  31.5","24","  23.2","24"," 996.0","24","975.1","24","999.9"," 0","  6.0","24"," 17.5","999.9","  38.5"," ","  20.5"," "," 0.00","G","  5.9","000000"
"01293099999","2024-01-22","63.4166666","11.7333333","171.0","MERAKER EGGE, NO","  38.8","24","  31.0","24"," 967.9","24","947.9","24","999.9"," 0","  7.1","24"," 17.5","999.9","  43.5"," ","  26.6"," "," 0.00","G","  2.8","000000"
"01293099999","2024-01-23","63.4166666","11.7333333","171.0","MERAKER EGGE, NO","  34.4","24","  32.9","24"," 988.6","24","968.0","24","999.9"," 0","  3.6","24","  9.7","999.9","  41.4"," ","  30.4"," "," 0.31","E","  2.0","000000"
"01293099999","2024-01-24","63.4166666","11.7333333","171.0","MERAKER EGGE, NO","  35.3","24","  27.9","24"," 987.0","24","966.4","24","999.9"," 0","  4.8","24"," 11.7","999.9","  38.3"," ","  30.4"," "," 0.00","F","  2.0","000000"
"01293099999","2024-01-25","63.4166666","11.7333333","171.0","MERAKER EGGE, NO","  32.3","24","  31.2","24","1013.7","24","992.5","24","999.9"," 0","  2.4","24","  3.9","999.9","  35.4"," ","  25.9"," "," 0.22","G","  3.1","000000"
"01293099999","2024-01-26","63.4166666","11.7333333","171.0","MERAKER EGGE, NO","  35.9","24","  28.8","24","1002.3","24","981.4","24","999.9"," 0","  6.4","24"," 17.5","999.9","  39.4"," ","  25.9"," "," 0.04","G","  2.4","000000"
"01293099999","2024-01-27","63.4166666","11.7333333","171.0","MERAKER EGGE, NO","  38.4","24","  27.4","24","1007.8","24","987.0","24","999.9"," 0","  7.9","24"," 17.5","999.9","  44.1"," ","  32.0"," "," 0.08","G","  2.0","000000"
"01293099999","2024-01-28","63.4166666","11.7333333","171.0","MERAKER EGGE, NO","  42.1","24","  31.9","24","1007.0","24","986.4","24","999.9"," 0","  5.8","24"," 13.6","999.9","  48.2"," ","  34.2"," "," 0.11","G","  0.8","000000"
"01293099999","2024-01-29","63.4166666","11.7333333","171.0","MERAKER EGGE, NO","  41.0","24","  27.1","24","1011.0","24","990.2","24","999.9"," 0","  9.6","24"," 17.5","999.9","  48.2"," ","  34.0"," "," 0.19","G","999.9","000000"
"01293099999","2024-01-30","63.4166666","11.7333333","171.0","MERAKER EGGE, NO","  25.6","24","  17.9","24","1019.7","24","998.1","24","999.9"," 0","  2.8","24","  5.8","999.9","  42.4"," ","  15.6"," "," 0.00","G","999.9","000000"
"01293099999","2024-01-31","63.4166666","11.7333333","171.0","MERAKER EGGE, NO","  29.9","24","  20.7","24"," 994.6","24","973.7","24","999.9"," 0","  6.8","24"," 21.4","999.9","  41.2"," ","  14.9"," "," 0.00","G","999.9","000000"
"01293099999","2024-02-01","63.4166666","11.7333333","171.0","MERAKER EGGE, NO","  31.7","24","  27.5","24"," 992.0","24","971.2","24","999.9"," 0","  9.8","24"," 17.5","999.9","  40.6"," ","  28.6"," "," 0.11","G","  4.7","000000"
"01293099999","2024-02-02","63.4166666","11.7333333","171.0","MERAKER EGGE, NO","  36.2","24","  29.4","24"," 991.5","24","970.9","24","999.9"," 0","  8.0","24"," 15.5","999.9","  44.8"," ","  28.2"," "," 0.32","G","  3.1","000000"
"01293099999","2024-02-03","63.4166666","11.7333333","171.0","MERAKER EGGE, NO","  34.0","24","  28.9","24"," 982.9","24","962.4","24","999.9"," 0"," 13.6","24"," 21.4","999.9","  44.8"," ","  30.0"," "," 0.96","G","  6.7","000000"
"01293099999","2024-02-04","63.4166666","11.7333333","171.0","MERAKER EGGE, NO","  27.3","24","  25.5","24"," 986.4","24","965.6","24","999.9"," 0","  5.6","24"," 13.6","999.9","  32.7"," ","  18.7"," "," 0.55","G"," 15.7","000000"
"01293099999","2024-02-05","63.4166666","11.7333333","171.0","MERAKER EGGE, NO","  24.2","24","  22.6","24"," 995.9","24","974.7","24","999.9"," 0","  2.1","24","  3.9","999.9","  28.8"," ","  16.5"," "," 0.33","G"," 13.8","000000"
"01293099999","2024-02-06","63.4166666","11.7333333","171.0","MERAKER EGGE, NO","  16.7","24","  13.3","24"," 997.3","24","975.8","24","999.9"," 0","  3.0","24","  5.8","999.9","  28.0"," ","   2.5"," "," 0.02","G"," 12.6","000000"
"01293099999","2024-02-07","63.4166666","11.7333333","171.0","MERAKER EGGE, NO","  -0.8","24","  -4.8","24"," 997.4","24","975.1","24","999.9"," 0","  1.8","24","  3.9","999.9","  11.8"," ","  -7.1"," "," 0.00","G"," 11.8","000000"
"01293099999","2024-02-08","63.4166666","11.7333333","171.0","MERAKER EGGE, NO","   3.2","24","   0.2","24"," 998.9","24","976.7","24","999.9"," 0","  1.5","24","  3.9","999.9","  13.1"," ","  -8.7"," "," 0.00","G"," 11.0","000000"
"01293099999","2024-02-09","63.4166666","11.7333333","171.0","MERAKER EGGE, NO","  11.5","24","   7.5","24","1006.1","24","984.2","24","999.9"," 0","  2.3","24","  3.9","999.9","  23.4"," ","   1.6"," "," 0.00","G"," 10.6","000000"
"01293099999","2024-02-10","63.4166666","11.7333333","171.0","MERAKER EGGE, NO","  11.0","24","   3.1","24","1010.4","24","988.4","24","999.9"," 0","  6.2","24"," 11.7","999.9","  16.9"," ","   0.3"," "," 0.00","G","  9.8","000000"
"01293099999","2024-02-11","63.4166666","11.7333333","171.0","MERAKER EGGE, NO","  21.8","24","  11.6","24","1007.6","24","986.1","24","999.9"," 0","  6.9","24","  9.7","999.9","  26.4"," ","  12.7"," "," 0.00","G","  9.4","000000"
"01293099999","2024-02-12","63.4166666","11.7333333","171.0","MERAKER EGGE, NO","  25.1","23","  13.3","23","1008.6","23","987.2","23","999.9"," 0"," 10.1","23"," 17.5","999.9","  28.4"," ","  21.4"," "," 0.00","G","  9.1","000000"
"01293099999","2024-02-13","63.4166666","11.7333333","171.0","MERAKER EGGE, NO","  22.5","24","  12.5","24","1007.7","24","986.2","24","999.9"," 0","  6.6","24","  9.7","999.9","  26.8"," ","  18.1"," "," 0.00","G","  7.9","000000"
"01293099999","2024-02-14","63.4166666","11.7333333","171.0","MERAKER EGGE, NO","  22.9","24","  16.4","24","1008.1","24","986.6","24","999.9"," 0","  3.4","24","  5.8","999.9","  36.3"," ","   9.3"," "," 0.00","G","  7.9","000000"
"01293099999","2024-02-15","63.4166666","11.7333333","171.0","MERAKER EGGE, NO","  32.3","21","  23.7","21","1013.9","21","992.7","21","999.9"," 0","  2.4","21","  5.8","999.9","  41.5"," ","  22.8"," "," 0.00","G","  7.9","000000"
"01293099999","2024-02-16","63.4166666","11.7333333","171.0","MERAKER EGGE, NO","  32.9","24","  28.6","24","1006.6","24","985.6","24","999.9"," 0","  4.2","24","  7.8","999.9","  35.2"," ","  22.8"," "," 0.06","G","  9.1","000000"
"01293099999","2024-02-17","63.4166666","11.7333333","171.0","MERAKER EGGE, NO","  29.9","24","  26.5","24","1022.4","24","001.0","24","999.9"," 0","  4.2","24","  9.7","999.9","  34.0"," ","  24.8"," "," 0.08","G"," 10.2","000000"
"01293099999","2024-02-18","63.4166666","11.7333333","171.0","MERAKER EGGE, NO","  18.5","24","  13.7","24","1022.8","24","000.8","24","999.9"," 0","  3.0","24","  5.8","999.9","  33.3"," ","   9.5"," "," 0.04","G","  9.8","000000"
"01293099999","2024-02-19","63.4166666","11.7333333","171.0","MERAKER EGGE, NO","  14.5","24","   9.3","24","1015.5","24","993.5","24","999.9"," 0","  3.2","24","  5.8","999.9","  24.8"," ","   7.2"," "," 0.00","G","  9.4","000000"
"01293099999","2024-02-20","63.4166666","11.7333333","171.0","MERAKER EGGE, NO","  29.4","24","  25.7","24","1007.4","24","986.2","24","999.9"," 0","  2.1","24","  7.8","999.9","  41.2"," ","  13.5"," "," 0.04","G","  8.7","000000"
"01293099999","2024-02-21","63.4166666","11.7333333","171.0","MERAKER EGGE, NO","  34.4","24","  31.7","24","1000.1","24","979.3","24","999.9"," 0","  2.8","24"," 11.7","999.9","  41.4"," ","  29.3"," "," 0.14","G","  7.9","000000"
"01293099999","2024-02-22","63.4166666","11.7333333","171.0","MERAKER EGGE, NO","  41.5","24","  29.4","24"," 984.0","24","963.8","24","999.9"," 0","  7.5","24"," 17.5","999.9","  45.9"," ","  29.3"," "," 0.02","G","  6.3","000000"
"01293099999","2024-02-23","63.4166666","11.7333333","171.0","MERAKER EGGE, NO","  41.0","24","  30.9","24"," 972.9","24","952.9","24","999.9"," 0","  7.4","24"," 13.6","999.9","  44.4"," ","  36.5"," "," 0.00","G","  4.7","000000"
"01293099999","2024-02-24","63.4166666","11.7333333","171.0","MERAKER EGGE, NO","  38.7","24","  25.1","24"," 989.5","24","969.1","24","999.9"," 0","  7.0","24"," 13.6","999.9","  43.2"," ","  34.2"," "," 0.05","G","  3.1","000000"
"01293099999","2024-02-25","63.4166666","11.7333333","171.0","MERAKER EGGE, NO","  35.6","24","  22.9","24"," 997.4","24","976.7","24","999.9"," 0","  5.8","24"," 13.6","999.9","  41.7"," ","  28.6"," "," 0.00","G","  3.1","000000"
"01293099999","2024-02-26","63.4166666","11.7333333","171.0","MERAKER EGGE, NO","  33.4","24","  28.9","24","1010.9","24","989.8","24","999.9"," 0","  2.7","24","  5.8","999.9","  39.6"," ","  28.2"," "," 0.02","G","  3.9","000000"
"01293099999","2024-02-27","63.4166666","11.7333333","171.0","MERAKER EGGE, NO","  30.3","24","  21.0","24","1007.1","24","986.0","24","999.9"," 0","  4.4","24","  7.8","999.9","  35.8"," ","  19.2"," "," 0.09","G","  3.1","000000"
"01293099999","2024-02-28","63.4166666","11.7333333","171.0","MERAKER EGGE, NO","  39.0","23","  25.6","23","1002.1","23","981.4","23","999.9"," 0","  5.8","23"," 13.6","999.9","  44.1"," ","  32.4"," "," 0.00","G","  2.8","000000"
"01293099999","2024-02-29","63.4166666","11.7333333","171.0","MERAKER EGGE, NO","  42.1","24","  29.4","24"," 996.8","24","976.4","24","999.9"," 0","  9.6","24"," 19.4","999.9","  45.0"," ","  37.4"," "," 0.00","G","  1.2","000000"
"01293099999","2024-03-01","63.4166666","11.7333333","171.0","MERAKER EGGE, NO","  43.9","23","  31.6","23","1003.3","23","982.8","23","999.9"," 0","  7.9","23"," 17.5","999.9","  46.9"," ","  41.4"," "," 0.00","G","999.9","000000"
"01293099999","2024-03-02","63.4166666","11.7333333","171.0","MERAKER EGGE, NO","  42.7","24","  31.9","24","1012.2","24","991.4","24","999.9"," 0","  4.3","24","  7.8","999.9","  47.5"," ","  35.4"," "," 0.00","G","999.9","000000"
"01293099999","2024-03-03","63.4166666","11.7333333","171.0","MERAKER EGGE, NO","  40.1","24","  33.8","24","1018.2","24","997.3","24","999.9"," 0","  4.0","24","  5.8","999.9","  44.8"," ","  34.0"," "," 0.00","G","999.9","000000"
"01293099999","2024-03-04","63.4166666","11.7333333","171.0","MERAKER EGGE, NO","  40.0","24","  32.6","24","1024.8","24","003.7","24","999.9"," 0","  4.9","24","  7.8","999.9","  43.2"," ","  34.7"," "," 0.00","G","999.9","000000"
"01293099999","2024-03-05","63.4166666","11.7333333","171.0","MERAKER EGGE, NO","  36.5","24","  25.8","24","1030.6","24","009.2","24","999.9"," 0","  5.7","24"," 11.7","999.9","  43.9"," ","  25.5"," "," 0.00","G","999.9","000000"
"01293099999","2024-03-06","63.4166666","11.7333333","171.0","MERAKER EGGE, NO","  31.1","24","  18.9","24","1032.1","24","010.4","24","999.9"," 0","  3.2","24","  7.8","999.9","  50.2"," ","  19.8"," "," 0.00","G","999.9","000000"
"01293099999","2024-03-07","63.4166666","11.7333333","171.0","MERAKER EGGE, NO","  27.4","23","  21.2","23","1033.8","23","012.0","23","999.9"," 0","  1.1","23","  1.9","999.9","  34.9"," ","  18.1"," "," 0.00","G","999.9","000000"
"01293099999","2024-03-08","63.4166666","11.7333333","171.0","MERAKER EGGE, NO","  33.5","24","  29.4","24","1027.8","24","006.4","24","999.9"," 0","  1.1","24","  1.9","999.9","  39.6"," ","  30.4"," "," 0.00","G","999.9","000000"
"01293099999","2024-03-09","63.4166666","11.7333333","171.0","MERAKER EGGE, NO","  30.9","24","  24.1","24","1022.9","24","001.5","24","999.9"," 0","  4.0","24","  7.8","999.9","  34.3"," ","  27.1"," "," 0.03","G","  0.8","000000"
"01293099999","2024-03-10","63.4166666","11.7333333","171.0","MERAKER EGGE, NO","  26.5","24","  15.4","24","1022.5","24","000.9","24","999.9"," 0","  5.3","24","  7.8","999.9","  32.7"," ","  17.8"," "," 0.00","G","999.9","000000"
"01293099999","2024-03-11","63.4166666","11.7333333","171.0","MERAKER EGGE, NO","  23.9","24","  14.0","24","1020.6","24","998.9","24","999.9"," 0","  3.6","24","  5.8","999.9","  35.6"," ","  12.7"," "," 0.00","G","999.9","000000"
"01293099999","2024-03-12","63.4166666","11.7333333","171.0","MERAKER EGGE, NO","  29.1","23","  17.4","23","1015.1","23","993.8","23","999.9"," 0","  2.3","23","  5.8","999.9","  46.2"," ","  16.5"," "," 0.00","G","999.9","000000"
"01293099999","2024-03-13","63.4166666","11.7333333","171.0","MERAKER EGGE, NO","  34.8","24","  26.0","24","1002.7","24","981.8","24","999.9"," 0","  6.0","24"," 13.6","999.9","  45.1"," ","  22.3"," "," 0.00","G","999.9","000000"
"01293099999","2024-03-14","63.4166666","11.7333333","171.0","MERAKER EGGE, NO","  43.5","23","  30.4","23"," 989.0","23","968.8","23","999.9"," 0","  9.0","23"," 17.5","999.9","  49.3"," ","  34.7"," "," 0.13","G","999.9","000000"
"01293099999","2024-03-15","63.4166666","11.7333333","171.0","MERAKER EGGE, NO","  38.7","24","  30.8","24"," 998.3","24","977.7","24","999.9"," 0","  3.9","24","  7.8","999.9","  45.0"," ","  33.6"," "," 0.00","G","999.9","000000"
"01293099999","2024-03-16","63.4166666","11.7333333","171.0","MERAKER EGGE, NO","  30.4","24","  19.9","24","1014.0","24","992.7","24","999.9"," 0","  3.9","24","  7.8","999.9","  36.3"," ","  22.5"," "," 0.00","G","999.9","000000"
"01293099999","2024-03-17","63.4166666","11.7333333","171.0","MERAKER EGGE, NO","  27.9","24","  13.9","24","1023.2","24","001.7","24","999.9"," 0","  4.0","24","  7.8","999.9","  36.7"," ","  14.7"," "," 0.00","G","999.9","000000"
"01293099999","2024-03-18","63.4166666","11.7333333","171.0","MERAKER EGGE, NO","  35.0","24","  16.5","24","1017.5","24","996.3","24","999.9"," 0","  6.1","24","  9.7","999.9","  41.7"," ","  28.9"," "," 0.00","G","999.9","000000"
"01293099999","2024-03-19","63.4166666","11.7333333","171.0","MERAKER EGGE, NO","  38.5","23","  23.6","23","1012.3","23","991.4","23","999.9"," 0","  4.5","23","  7.8","999.9","  48.6"," ","  29.5"," "," 0.00","G","999.9","000000"
"01293099999","2024-03-20","63.4166666","11.7333333","171.0","MERAKER EGGE, NO","  36.9","24","  32.7","24","1015.1","24","994.1","24","999.9"," 0","  2.2","24","  5.8","999.9","  42.3"," ","  32.9"," "," 0.03","G","999.9","000000"
"01293099999","2024-03-21","63.4166666","11.7333333","171.0","MERAKER EGGE, NO","  38.1","24","  30.6","24","1009.9","24","989.0","24","999.9"," 0","  4.8","24"," 11.7","999.9","  44.6"," ","  31.5"," "," 0.06","G","999.9","000000"
"01293099999","2024-03-22","63.4166666","11.7333333","171.0","MERAKER EGGE, NO","  39.1","24","  29.6","24"," 992.5","24","972.1","24","999.9"," 0","  4.6","24","  9.7","999.9","  47.3"," ","  27.9"," "," 0.00","G","999.9","000000"
"01293099999","2024-03-23","63.4166666","11.7333333","171.0","MERAKER EGGE, NO","  33.8","24","  26.9","24"," 992.1","24","971.4","24","999.9"," 0","  3.5","24","  5.8","999.9","  43.9"," ","  24.4"," "," 0.04","G","999.9","000000"
"01293099999","2024-03-24","63.4166666","11.7333333","171.0","MERAKER EGGE, NO","  32.0","24","  26.6","24"," 999.4","24","978.5","24","999.9"," 0","  3.5","24","  7.8","999.9","  38.8"," ","  27.7"," "," 0.00","G","999.9","000000"
"01293099999","2024-03-25","63.4166666","11.7333333","171.0","MERAKER EGGE, NO","  28.6","24","  23.3","24","1004.1","24","983.0","24","999.9"," 0","  2.0","24","  3.9","999.9","  37.6"," ","  18.1"," "," 0.02","G","999.9","000000"
"01293099999","2024-03-26","63.4166666","11.7333333","171.0","MERAKER EGGE, NO","  24.1","17","  15.9","17","1004.2","17","982.8","17","999.9"," 0","  3.0","17","  7.8","999.9","  36.7"," ","  12.7"," "," 0.03","G","999.9","000000"
"01293099999","2024-03-27","63.4166666","11.7333333","171.0","MERAKER EGGE, NO","  39.6","14","  27.3","14"," 996.2","14","975.7","14","999.9"," 0","  7.1","14"," 13.6","999.9","  44.4"," ","  24.6"," "," 0.00","G","999.9","000000"
"01293099999","2024-04-01","63.4166666","11.7333333","171.0","MERAKER EGGE, NO","  35.7"," 6","  33.2"," 6","1009.6"," 6","988.6"," 6","999.9"," 0","  2.6"," 6","  3.9","999.9","  41.2"," ","  34.0"," "," 0.00","E","999.9","000000"
"01293099999","2024-04-02","63.4166666","11.7333333","171.0","MERAKER EGGE, NO","  31.6"," 7","  22.6"," 7","1012.0"," 7","990.8"," 7","999.9"," 0","  3.9"," 7","  5.8","999.9","  36.3"," ","  25.7"," "," 0.00","A","999.9","000000"
"01293099999","2024-04-03","63.4166666","11.7333333","171.0","MERAKER EGGE, NO","  22.6","24","   9.1","24","1016.2","24","994.5","24","999.9"," 0","  2.9","24","  5.8","999.9","  30.2"," ","  13.5"," "," 0.00","G","999.9","000000"
"01293099999","2024-04-04","63.4166666","11.7333333","171.0","MERAKER EGGE, NO","  24.1","24","  11.5","24","1012.4","24","990.9","24","999.9"," 0","  6.5","24"," 11.7","999.9","  31.5"," ","  11.8"," "," 0.00","G","999.9","000000"
"01293099999","2024-04-05","63.4166666","11.7333333","171.0","MERAKER EGGE, NO","  30.4","24","  17.7","24","1006.2","24","985.1","24","999.9"," 0","  5.6","24","  9.7","999.9","  36.1"," ","  25.3"," "," 0.00","G","999.9","000000"
"01293099999","2024-04-06","63.4166666","11.7333333","171.0","MERAKER EGGE, NO","  33.4","24","  22.3","24","1006.4","24","985.4","24","999.9"," 0","  4.0","24","  7.8","999.9","  43.5"," ","  16.9"," "," 0.00","G","999.9","000000"
"01293099999","2024-04-07","63.4166666","11.7333333","171.0","MERAKER EGGE, NO","  43.8","24","  37.4","24"," 993.5","24","973.2","24","999.9"," 0","  4.5","24"," 15.5","999.9","  54.7"," ","  30.9"," "," 0.12","G","999.9","000000"
"01293099999","2024-04-08","63.4166666","11.7333333","171.0","MERAKER EGGE, NO","  44.0","24","  32.4","24","1001.0","24","980.6","24","999.9"," 0","  5.4","24","  9.7","999.9","  57.0"," ","  30.4"," "," 0.08","G","999.9","000000"
"01293099999","2024-04-09","63.4166666","11.7333333","171.0","MERAKER EGGE, NO","  44.8","24","  32.4","24","1005.7","24","985.2","24","999.9"," 0","  3.5","24","  9.7","999.9","  59.0"," ","  26.8"," "," 0.00","G","999.9","000000"
"01293099999","2024-04-10","63.4166666","11.7333333","171.0","MERAKER EGGE, NO","  41.8","24","  38.1","24"," 999.7","24","979.2","24","999.9"," 0","  4.1","24","  9.7","999.9","  51.4"," ","  37.2"," "," 0.10","G","999.9","000000"
"01293099999","2024-04-11","63.4166666","11.7333333","171.0","MERAKER EGGE, NO","  40.5","24","  36.3","24","1006.8","24","986.0","24","999.9"," 0","  3.6","24"," 11.7","999.9","  46.6"," ","  32.0"," "," 0.39","G","999.9","000000"
"01293099999","2024-04-12","63.4166666","11.7333333","171.0","MERAKER EGGE, NO","  45.9","24","  37.9","24","1009.5","24","988.9","24","999.9"," 0","  5.1","24","  9.7","999.9","  54.9"," ","  37.4"," "," 0.36","G","999.9","000000"
"01293099999","2024-04-13","63.4166666","11.7333333","171.0","MERAKER EGGE, NO","  44.6","24","  35.4","24","1001.8","24","981.3","24","999.9"," 0","  4.5","24"," 15.5","999.9","  56.5"," ","  33.6"," "," 0.05","G","999.9","000000"
"01293099999","2024-04-14","63.4166666","11.7333333","171.0","MERAKER EGGE, NO","  36.0","24","  32.9","24"," 999.0","24","978.2","24","999.9"," 0","  4.4","24"," 11.7","999.9","  46.8"," ","  31.3"," "," 0.00","G","999.9","000000"
"01293099999","2024-04-15","63.4166666","11.7333333","171.0","MERAKER EGGE, NO","  34.0","24","  25.8","24","1005.8","24","984.8","24","999.9"," 0","  2.3","24","  3.9","999.9","  44.6"," ","  24.1"," "," 0.26","G","999.9","000000"
"01293099999","2024-04-16","63.4166666","11.7333333","171.0","MERAKER EGGE, NO","  34.1","24","  21.1","24","1006.4","24","985.4","24","999.9"," 0","  2.4","24","  5.8","999.9","  48.9"," ","  16.9"," "," 0.00","G","999.9","000000"
"01293099999","2024-04-17","63.4166666","11.7333333","171.0","MERAKER EGGE, NO","  35.2","23","  24.7","23","1012.6","23","991.5","23","999.9"," 0","  3.6","23","  7.8","999.9","  46.4"," ","  29.1"," "," 0.00","G","999.9","000000"
"01293099999","2024-04-18","63.4166666","11.7333333","171.0","MERAKER EGGE, NO","  34.9","24","  23.4","24","1013.8","24","992.7","24","999.9"," 0","  3.9","24","  9.7","999.9","  42.6"," ","  27.9"," "," 0.11","G","  0.8","000000"
"01293099999","2024-04-19","63.4166666","11.7333333","171.0","MERAKER EGGE, NO","  33.8","24","  19.1","24","1010.7","24","989.7","24","999.9"," 0","  4.8","24","  9.7","999.9","  43.3"," ","  23.7"," "," 0.00","G","999.9","000000"
"01293099999","2024-04-20","63.4166666","11.7333333","171.0","MERAKER EGGE, NO","  33.8","24","  17.6","24","1019.9","24","998.7","24","999.9"," 0","  3.9","24","  7.8","999.9","  46.6"," ","  19.0"," "," 0.00","G","999.9","000000"
"01293099999","2024-04-21","63.4166666","11.7333333","171.0","MERAKER EGGE, NO","  35.5","24","  21.2","24","1032.1","24","010.7","24","999.9"," 0","  2.6","24","  5.8","999.9","  48.0"," ","  25.5"," "," 0.00","G","999.9","000000"
"01293099999","2024-04-22","63.4166666","11.7333333","171.0","MERAKER EGGE, NO","  36.2","24","  17.8","24","1025.7","24","004.4","24","999.9"," 0","  4.1","24","  7.8","999.9","  47.3"," ","  19.8"," "," 0.00","G","999.9","000000"
"01293099999","2024-04-23","63.4166666","11.7333333","171.0","MERAKER EGGE, NO","  36.5","24","  33.6","24","1014.6","24","993.6","24","999.9"," 0","  4.0","24","  7.8","999.9","  42.8"," ","  32.9"," "," 0.03","G","999.9","000000"
"01293099999","2024-04-24","63.4166666","11.7333333","171.0","MERAKER EGGE, NO","  35.9","24","  31.1","24","1010.7","24","989.7","24","999.9"," 0","  3.2","24","  7.8","999.9","  42.4"," ","  29.1"," "," 0.20","G","999.9","000000"
"01293099999","2024-04-25","63.4166666","11.7333333","171.0","MERAKER EGGE, NO","  37.7","24","  27.1","24","1007.5","24","986.6","24","999.9"," 0","  4.1","24","  9.7","999.9","  49.6"," ","  27.0"," "," 0.01","G","999.9","000000"
"01293099999","2024-04-26","63.4166666","11.7333333","171.0","MERAKER EGGE, NO","  39.3","24","  25.8","24","1010.5","24","989.7","24","999.9"," 0","  3.2","24","  7.8","999.9","  51.1"," ","  26.6"," "," 0.00","G","999.9","000000"
"01293099999","2024-04-27","63.4166666","11.7333333","171.0","MERAKER EGGE, NO","  37.2","24","  30.7","24","1014.8","24","993.8","24","999.9"," 0","  2.3","24","  3.9","999.9","  46.0"," ","  28.2"," "," 0.00","G","999.9","000000"
"01293099999","2024-04-28","63.4166666","11.7333333","171.0","MERAKER EGGE, NO","  44.1","24","  30.2","24","1017.3","24","996.5","24","999.9"," 0","  5.7","24"," 11.7","999.9","  53.6"," ","  29.3"," "," 0.00","G","999.9","000000"
"01293099999","2024-04-29","63.4166666","11.7333333","171.0","MERAKER EGGE, NO","  44.8","24","  36.4","24","1014.8","24","994.1","24","999.9"," 0","  5.2","24","  9.7","999.9","  55.2"," ","  34.9"," "," 0.00","G","999.9","000000"
"01293099999","2024-04-30","63.4166666","11.7333333","171.0","MERAKER EGGE, NO","  46.5","22","  33.5","22","1025.1","22","004.2","22","999.9"," 0","  4.1","22","  7.8","999.9","  60.6"," ","  28.8"," "," 0.11","G","999.9","000000"
"01293099999","2024-05-02","63.4166666","11.7333333","171.0","MERAKER EGGE, NO","  54.8","24","  37.1","24","1021.7","24","001.3","24","999.9"," 0","  2.4","24","  5.8","999.9","  72.1"," ","  36.7"," "," 0.00","G","999.9","000000"
"01293099999","2024-05-03","63.4166666","11.7333333","171.0","MERAKER EGGE, NO","  55.5","24","  39.2","24","1018.4","24","998.0","24","999.9"," 0","  2.7","24","  5.8","999.9","  74.3"," ","  33.1"," "," 0.00","G","999.9","000000"
"01293099999","2024-05-04","63.4166666","11.7333333","171.0","MERAKER EGGE, NO","  54.8","24","  36.0","24","1014.4","24","994.1","24","999.9"," 0","  3.1","24","  5.8","999.9","  73.6"," ","  34.2"," "," 0.00","G","999.9","000000"
"01293099999","2024-05-05","63.4166666","11.7333333","171.0","MERAKER EGGE, NO","  52.8","24","  35.3","24","1009.5","24","989.2","24","999.9"," 0","  2.7","24","  3.9","999.9","  70.0"," ","  32.5"," "," 0.00","G","999.9","000000"
"01293099999","2024-05-06","63.4166666","11.7333333","171.0","MERAKER EGGE, NO","  43.8","24","  32.5","24","1013.6","24","992.9","24","999.9"," 0","  5.5","24","  9.7","999.9","  62.1"," ","  31.8"," "," 0.00","G","999.9","000000"
"01293099999","2024-05-07","63.4166666","11.7333333","171.0","MERAKER EGGE, NO","  39.2","22","  37.4","22","1020.2","22","999.2","22","999.9"," 0","  1.7","22","  3.9","999.9","  46.8"," ","  28.6"," "," 0.00","G","999.9","000000"
"01293099999","2024-05-08","63.4166666","11.7333333","171.0","MERAKER EGGE, NO","  46.5","20","  39.0","20","1023.7","20","002.9","20","999.9"," 0","  2.7","20","  3.9","999.9","  56.8"," ","  39.2"," "," 0.23","G","999.9","000000"
"01293099999","2024-05-09","63.4166666","11.7333333","171.0","MERAKER EGGE, NO","  43.6","24","  39.4","24","1016.7","24","995.9","24","999.9"," 0","  4.0","24","  9.7","999.9","  53.1"," ","  36.3"," "," 0.00","G","999.9","000000"
"01293099999","2024-05-10","63.4166666","11.7333333","171.0","MERAKER EGGE, NO","  42.7","24","  31.8","24","1024.0","24","003.1","24","999.9"," 0","  2.1","24","  3.9","999.9","  52.9"," ","  35.1"," "," 0.15","G","999.9","000000"
"01293099999","2024-05-11","63.4166666","11.7333333","171.0","MERAKER EGGE, NO","  47.9","24","  40.3","24","1023.7","24","003.0","24","999.9"," 0","  2.2","24","  5.8","999.9","  57.6"," ","  35.2"," "," 0.00","G","999.9","000000"
"01293099999","2024-05-12","63.4166666","11.7333333","171.0","MERAKER EGGE, NO","  56.7","24","  46.9","24","1022.2","24","001.8","24","999.9"," 0","  2.6","24","  7.8","999.9","  70.3"," ","  45.7"," "," 0.10","G","999.9","000000"
"01293099999","2024-05-13","63.4166666","11.7333333","171.0","MERAKER EGGE, NO","  61.5","24","  43.0","24","1017.5","24","997.4","24","999.9"," 0","  5.7","24"," 11.7","999.9","  75.6"," ","  43.3"," "," 0.00","G","999.9","000000"
"01293099999","2024-05-14","63.4166666","11.7333333","171.0","MERAKER EGGE, NO","  63.6","24","  40.2","24","1014.2","24","994.3","24","999.9"," 0","  4.5","24"," 11.7","999.9","  77.5"," ","  44.8"," "," 0.00","G","999.9","000000"
"01293099999","2024-05-15","63.4166666","11.7333333","171.0","MERAKER EGGE, NO","  61.5","24","  40.8","24","1016.8","24","996.7","24","999.9"," 0","  2.7","24","  3.9","999.9","  79.5"," ","  38.7"," "," 0.00","G","999.9","000000"
"01293099999","2024-05-16","63.4166666","11.7333333","171.0","MERAKER EGGE, NO","  64.1","24","  42.6","24","1019.2","24","999.2","24","999.9"," 0","  3.5","24","  7.8","999.9","  80.6"," ","  40.3"," "," 0.00","G","999.9","000000"
"01293099999","2024-05-17","63.4166666","11.7333333","171.0","MERAKER EGGE, NO","  63.1","24","  41.1","24","1017.7","24","997.6","24","999.9"," 0","  5.8","24"," 11.7","999.9","  76.1"," ","  47.5"," "," 0.00","G","999.9","000000"
"01293099999","2024-05-18","63.4166666","11.7333333","171.0","MERAKER EGGE, NO","  57.2","24","  43.9","24","1014.1","24","993.9","24","999.9"," 0","  3.7","24","  9.7","999.9","  74.5"," ","  40.3"," "," 0.00","G","  0.8","000000"
"01293099999","2024-05-19","63.4166666","11.7333333","171.0","MERAKER EGGE, NO","  46.1","24","  37.9","24","1017.0","24","996.3","24","999.9"," 0","  4.4","24","  7.8","999.9","  54.7"," ","  32.5"," "," 0.04","G","999.9","000000"
"01293099999","2024-05-20","63.4166666","11.7333333","171.0","MERAKER EGGE, NO","  48.7","24","  29.1","24","1021.4","24","000.7","24","999.9"," 0","  2.5","24","  5.8","999.9","  66.2"," ","  27.1"," "," 0.04","G","999.9","000000"
"01293099999","2024-05-21","63.4166666","11.7333333","171.0","MERAKER EGGE, NO","  60.2","24","  39.3","24","1020.2","24","000.0","24","999.9"," 0","  3.3","24","  7.8","999.9","  79.2"," ","  33.8"," "," 0.00","G","999.9","000000"
"01293099999","2024-05-22","63.4166666","11.7333333","171.0","MERAKER EGGE, NO","  63.1","24","  39.7","24","1019.2","24","999.1","24","999.9"," 0","  5.1","24","  9.7","999.9","  77.9"," ","  41.9"," "," 0.00","G","999.9","000000"
"01293099999","2024-05-23","63.4166666","11.7333333","171.0","MERAKER EGGE, NO","  67.4","24","  40.6","24","1018.2","24","998.3","24","999.9"," 0","  6.3","24","  9.7","999.9","  79.3"," ","  46.9"," "," 0.00","G","999.9","000000"
"01293099999","2024-05-24","63.4166666","11.7333333","171.0","MERAKER EGGE, NO","  68.2","24","  50.4","24","1019.2","24","999.3","24","999.9"," 0","  3.1","24","  7.8","999.9","  82.0"," ","  49.5"," "," 0.00","G","  2.0","000000"
"01293099999","2024-05-25","63.4166666","11.7333333","171.0","MERAKER EGGE, NO","  68.5","24","  50.2","24","1022.7","24","002.7","24","999.9"," 0","  3.1","24","  5.8","999.9","  85.6"," ","  47.5"," "," 0.00","G","999.9","000000"
"01293099999","2024-05-26","63.4166666","11.7333333","171.0","MERAKER EGGE, NO","  69.2","23","  54.5","23","1021.7","23","001.8","23","999.9"," 0","  4.3","23","  9.7","999.9","  83.5"," ","  54.9"," "," 0.00","G","  3.1","000000"
"01293099999","2024-05-27","63.4166666","11.7333333","171.0","MERAKER EGGE, NO","  66.6","24","  51.8","24","1014.4","24","994.5","24","999.9"," 0","  6.7","24"," 13.6","999.9","  75.4"," ","  54.5"," "," 0.06","G","  1.6","000000"
"01293099999","2024-05-28","63.4166666","11.7333333","171.0","MERAKER EGGE, NO","  65.1","24","  50.3","24","1012.3","24","992.4","24","999.9"," 0","  3.5","24","  5.8","999.9","  78.8"," ","  53.4"," "," 0.00","G","999.9","000000"
"01293099999","2024-05-29","63.4166666","11.7333333","171.0","MERAKER EGGE, NO","  61.8","24","  51.1","24","1008.8","24","988.9","24","999.9"," 0","  5.9","24"," 13.6","999.9","  73.8"," ","  50.5"," "," 0.00","G","999.9","000000"
"01293099999","2024-05-30","63.4166666","11.7333333","171.0","MERAKER EGGE, NO","  61.9","24","  47.5","24","1010.7","24","990.7","24","999.9"," 0","  3.6","24","  7.8","999.9","  73.2"," ","  43.5"," "," 0.08","G","999.9","000000"
"01293099999","2024-05-31","63.4166666","11.7333333","171.0","MERAKER EGGE, NO","  60.6","24","  52.4","24","1016.8","24","996.6","24","999.9"," 0","  3.2","24"," 11.7","999.9","  77.0"," ","  52.3"," "," 0.00","G","999.9","000000"
"01293099999","2024-06-01","63.4166666","11.7333333","171.0","MERAKER EGGE, NO","  56.0","24","  49.2","24","1021.5","24","001.1","24","999.9"," 0","  3.0","24","  5.8","999.9","  63.7"," ","  50.4"," "," 0.10","G","999.9","000000"
"01293099999","2024-06-02","63.4166666","11.7333333","171.0","MERAKER EGGE, NO","  58.3","24","  47.1","24","1015.9","24","995.7","24","999.9"," 0","  2.6","24","  7.8","999.9","  71.1"," ","  49.6"," "," 0.00","G","999.9","000000"
"01293099999","2024-06-03","63.4166666","11.7333333","171.0","MERAKER EGGE, NO","  50.5","23","  46.7","23","1005.4","23","985.1","23","999.9"," 0","  3.7","23","  7.8","999.9","  61.2"," ","  43.5"," "," 0.09","G","999.9","000000"
"01293099999","2024-06-04","63.4166666","11.7333333","171.0","MERAKER EGGE, NO","  56.3","24","  39.1","24","1000.7","24","980.8","24","999.9"," 0","  7.3","24"," 13.6","999.9","  66.9"," ","  39.7"," "," 0.09","G","999.9","000000"
"01293099999","2024-06-05","63.4166666","11.7333333","171.0","MERAKER EGGE, NO","  52.1","24","  43.6","24"," 996.8","24","976.7","24","999.9"," 0","  6.4","24"," 15.5","999.9","  63.0"," ","  37.8"," "," 0.00","G","  1.2","000000"
"01293099999","2024-06-06","63.4166666","11.7333333","171.0","MERAKER EGGE, NO","  48.4","24","  38.5","24","1004.3","24","983.9","24","999.9"," 0","  2.7","24","  9.7","999.9","  62.4"," ","  32.2"," "," 0.29","G","999.9","000000"
"01293099999","2024-06-07","63.4166666","11.7333333","171.0","MERAKER EGGE, NO","  49.5","24","  39.7","24","1007.3","24","987.0","24","999.9"," 0","  3.2","24","  9.7","999.9","  65.3"," ","  36.1"," "," 0.01","G","999.9","000000"
"01293099999","2024-06-08","63.4166666","11.7333333","171.0","MERAKER EGGE, NO","  52.3","24","  38.4","24","1001.2","24","981.0","24","999.9"," 0","  6.3","24"," 13.6","999.9","  65.7"," ","  34.9"," "," 0.03","G","999.9","000000"
"01293099999","2024-06-09","63.4166666","11.7333333","171.0","MERAKER EGGE, NO","  50.9","24","  43.4","24"," 990.4","24","970.5","24","999.9"," 0","  3.8","24","  5.8","999.9","  55.2"," ","  47.7"," "," 0.00","G","999.9","000000"
"01293099999","2024-06-10","63.4166666","11.7333333","171.0","MERAKER EGGE, NO","  48.2","24","  42.6","24"," 995.6","24","975.4","24","999.9"," 0","  3.1","24","  7.8","999.9","  57.7"," ","  41.9"," "," 0.08","G","999.9","000000"
"01293099999","2024-06-11","63.4166666","11.7333333","171.0","MERAKER EGGE, NO","  47.3","24","  44.2","24","1005.0","24","984.6","24","999.9"," 0","  4.0","24","  7.8","999.9","  56.7"," ","  41.2"," "," 1.36","G","999.9","000000"
"01293099999","2024-06-12","63.4166666","11.7333333","171.0","MERAKER EGGE, NO","  51.4","24","  38.2","24","1009.7","24","989.3","24","999.9"," 0","  2.4","24","  3.9","999.9","  62.8"," ","  39.0"," "," 0.06","G","999.9","000000"
"01293099999","2024-06-13","63.4166666","11.7333333","171.0","MERAKER EGGE, NO","  59.9","24","  41.6","24","1009.0","24","989.0","24","999.9"," 0","  3.6","24","  9.7","999.9","  72.1"," ","  45.3"," "," 0.00","G","999.9","000000"
"01293099999","2024-06-14","63.4166666","11.7333333","171.0","MERAKER EGGE, NO","  57.4","24","  44.2","24","1009.5","24","989.4","24","999.9"," 0","  3.0","24","  9.7","999.9","  74.1"," ","  43.3"," "," 0.00","G","999.9","000000"
"01293099999","2024-06-15","63.4166666","11.7333333","171.0","MERAKER EGGE, NO","  57.9","24","  43.4","24","1008.1","24","988.0","24","999.9"," 0","  3.7","24","  7.8","999.9","  74.8"," ","  38.5"," "," 0.12","G","999.9","000000"
"01293099999","2024-06-16","63.4166666","11.7333333","171.0","MERAKER EGGE, NO","  56.0","24","  46.2","24","1006.9","24","986.8","24","999.9"," 0","  4.9","24"," 11.7","999.9","  69.3"," ","  44.2"," "," 0.02","G","999.9","000000"
"01293099999","2024-06-17","63.4166666","11.7333333","171.0","MERAKER EGGE, NO","  59.2","24","  47.7","24","1009.6","24","989.5","24","999.9"," 0","  4.0","24"," 11.7","999.9","  70.7"," ","  45.7"," "," 0.01","G","  1.2","000000"
"01293099999","2024-06-18","63.4166666","11.7333333","171.0","MERAKER EGGE, NO","  55.8","24","  49.0","24","1006.2","24","986.1","24","999.9"," 0","  2.3","24","  7.8","999.9","  71.8"," ","  46.4"," "," 0.00","G","999.9","000000"
"01293099999","2024-06-19","63.4166666","11.7333333","171.0","MERAKER EGGE, NO","  49.3","24","  44.6","24","1010.1","24","989.6","24","999.9"," 0","  4.3","24","  9.7","999.9","  57.2"," ","  43.5"," "," 0.57","G","999.9","000000"
"01293099999","2024-06-20","63.4166666","11.7333333","171.0","MERAKER EGGE, NO","  50.1","23","  44.2","23","1008.7","23","988.3","23","999.9"," 0","  3.0","23","  7.8","999.9","  63.7"," ","  43.2"," "," 0.12","G","999.9","000000"
"01293099999","2024-06-21","63.4166666","11.7333333","171.0","MERAKER EGGE, NO","  53.0","24","  48.0","24","1014.0","24","993.7","24","999.9"," 0","  1.7","24","  3.9","999.9","  61.7"," ","  44.4"," "," 0.26","G","999.9","000000"
"01293099999","2024-06-22","63.4166666","11.7333333","171.0","MERAKER EGGE, NO","  66.0","24","  48.4","24","1008.6","24","988.9","24","999.9"," 0","  3.2","24","  7.8","999.9","  81.7"," ","  46.8"," "," 0.02","G","999.9","000000"
"01293099999","2024-06-23","63.4166666","11.7333333","171.0","MERAKER EGGE, NO","  56.0","24","  51.5","24","1010.6","24","990.4","24","999.9"," 0","  2.6","24","  5.8","999.9","  72.5"," ","  48.9"," "," 0.06","G","999.9","000000"
"01293099999","2024-06-24","63.4166666","11.7333333","171.0","MERAKER EGGE, NO","  57.8","24","  48.2","24","1017.0","24","996.8","24","999.9"," 0","  2.0","24","  3.9","999.9","  69.8"," ","  48.6"," "," 0.17","G","999.9","000000"
"01293099999","2024-06-25","63.4166666","11.7333333","171.0","MERAKER EGGE, NO","  65.5","24","  51.4","24","1015.5","24","995.6","24","999.9"," 0","  3.8","24","  9.7","999.9","  83.8"," ","  45.9"," "," 0.00","G","999.9","000000"
"01293099999","2024-06-26","63.4166666","11.7333333","171.0","MERAKER EGGE, NO","  62.3","23","  53.5","23","1017.2","23","997.1","23","999.9"," 0","  2.6","23","  7.8","999.9","  74.7"," ","  53.4"," "," 0.05","G","999.9","000000"
"01293099999","2024-06-27","63.4166666","11.7333333","171.0","MERAKER EGGE, NO","  76.0","24","  54.6","24","1008.5","24","989.1","24","999.9"," 0","  7.0","24"," 13.6","999.9","  87.6"," ","  56.1"," "," 0.06","G","999.9","000000"
"01293099999","2024-06-28","63.4166666","11.7333333","171.0","MERAKER EGGE, NO","  70.9","24","  55.3","24","1000.8","24","981.4","24","999.9"," 0","  6.3","24"," 13.6","999.9","  82.8"," ","  59.2"," "," 0.00","G","999.9","000000"
"01293099999","2024-06-29","63.4166666","11.7333333","171.0","MERAKER EGGE, NO","  53.1","24","  48.8","24","1003.8","24","983.6","24","999.9"," 0","  3.1","24","  7.8","999.9","  73.9"," ","  45.0"," "," 0.11","G","999.9","000000"
"01293099999","2024-06-30","63.4166666","11.7333333","171.0","MERAKER EGGE, NO","  54.1","24","  46.4","24","1005.0","24","984.8","24","999.9"," 0","  2.2","24","  5.8","999.9","  67.5"," ","  43.2"," "," 0.69","G","999.9","000000"
"01293099999","2024-07-01","63.4166666","11.7333333","171.0","MERAKER EGGE, NO","  50.5","23","  47.8","23","1003.0","23","982.7","23","999.9"," 0","  2.4","23","  5.8","999.9","  59.5"," ","  47.3"," "," 0.20","G","999.9","000000"
"01293099999","2024-07-02","63.4166666","11.7333333","171.0","MERAKER EGGE, NO","  51.1","24","  45.6","24","1002.6","24","982.4","24","999.9"," 0","  2.5","24","  3.9","999.9","  57.7"," ","  46.9"," "," 0.13","G","999.9","000000"
"01293099999","2024-07-03","63.4166666","11.7333333","171.0","MERAKER EGGE, NO","  53.8","24","  47.0","24","1000.5","24","980.5","24","999.9"," 0","  2.0","23","  3.9","999.9","  63.9"," ","  46.8"," "," 0.11","G","999.9","000000"
"01293099999","2024-07-04","63.4166666","11.7333333","171.0","MERAKER EGGE, NO","  58.3","24","  48.6","24"," 994.4","24","974.7","24","999.9"," 0","  4.5","24"," 11.7","999.9","  67.8"," ","  49.3"," "," 0.09","G","999.9","000000"
"01293099999","2024-07-05","63.4166666","11.7333333","171.0","MERAKER EGGE, NO","  55.9","24","  45.9","24"," 991.7","24","971.9","24","999.9"," 0","  4.2","24"," 13.6","999.9","  65.8"," ","  46.9"," "," 0.02","G","999.9","000000"
"01293099999","2024-07-06","63.4166666","11.7333333","171.0","MERAKER EGGE, NO","  54.5","24","  46.2","24"," 995.5","24","975.6","24","999.9"," 0","  2.4","24","  5.8","999.9","  66.0"," ","  44.2"," "," 0.04","G","999.9","000000"
"01293099999","2024-07-07","63.4166666","11.7333333","171.0","MERAKER EGGE, NO","  50.0","24","  47.6","24"," 994.7","24","974.6","24","999.9"," 0","  3.1","24","  7.8","999.9","  58.5"," ","  40.3"," "," 0.00","G","999.9","000000"
"01293099999","2024-07-08","63.4166666","11.7333333","171.0","MERAKER EGGE, NO","  54.2","24","  49.7","24","1010.9","24","990.7","24","999.9"," 0","  1.8","24","  5.8","999.9","  63.9"," ","  48.9"," "," 0.70","G","999.9","000000"
"01293099999","2024-07-09","63.4166666","11.7333333","171.0","MERAKER EGGE, NO","  54.7","24","  50.0","24","1020.5","24","000.1","24","999.9"," 0","  2.4","24","  7.8","999.9","  64.0"," ","  48.0"," "," 0.22","G","999.9","000000"
"01293099999","2024-07-10","63.4166666","11.7333333","171.0","MERAKER EGGE, NO","  56.9","24","  50.1","24","1018.2","24","997.9","24","999.9"," 0","  4.0","24"," 13.6","999.9","  70.9"," ","  44.4"," "," 0.11","G","999.9","000000"
"01293099999","2024-07-11","63.4166666","11.7333333","171.0","MERAKER EGGE, NO","  63.2","24","  54.9","24","1011.3","24","991.4","24","999.9"," 0","  3.5","24","  7.8","999.9","  73.2"," ","  54.3"," "," 0.77","G","999.9","000000"
"01293099999","2024-07-12","63.4166666","11.7333333","171.0","MERAKER EGGE, NO","  60.9","22","  51.0","22","1016.1","22","996.0","22","999.9"," 0","  2.6","22","  5.8","999.9","  72.9"," ","  49.3"," "," 0.00","G","999.9","000000"
"01293099999","2024-07-13","63.4166666","11.7333333","171.0","MERAKER EGGE, NO","  70.4","13","  47.5","13","1015.1","13","995.4","13","999.9"," 0","  2.5","13","  3.9","999.9","  82.2"," ","  42.6"," "," 0.00","G","999.9","000000"
"01293099999","2024-07-14","63.4166666","11.7333333","171.0","MERAKER EGGE, NO","  64.0","15","  53.2","15","1011.2","15","991.3","15","999.9"," 0","  3.6","15","  5.8","999.9","  77.2"," ","  48.0"," "," 0.00","G","999.9","000000"
"01293099999","2024-07-15","63.4166666","11.7333333","171.0","MERAKER EGGE, NO","  66.7","24","  53.2","24","1007.7","24","988.0","24","999.9"," 0","  5.9","24"," 13.6","999.9","  72.9"," ","  58.8"," "," 0.07","G","999.9","000000"
"01293099999","2024-07-16","63.4166666","11.7333333","171.0","MERAKER EGGE, NO","  65.8","24","  51.4","24","1011.3","24","991.5","24","999.9"," 0","  4.9","24","  9.7","999.9","  76.8"," ","  54.0"," "," 0.00","G","999.9","000000"
"01293099999","2024-07-17","63.4166666","11.7333333","171.0","MERAKER EGGE, NO","  63.2","24","  55.5","24","1011.8","24","991.9","24","999.9"," 0","  3.3","24","  5.8","999.9","  74.7"," ","  54.5"," "," 0.00","G","999.9","000000"
"01293099999","2024-07-18","63.4166666","11.7333333","171.0","MERAKER EGGE, NO","  54.3","24","  52.8","24","1016.9","24","996.5","24","999.9"," 0","  4.1","24","  7.8","999.9","  63.3"," ","  52.5"," "," 0.35","G","999.9","000000"
"01293099999","2024-07-19","63.4166666","11.7333333","171.0","MERAKER EGGE, NO","  57.8","23","  50.8","23","1019.5","23","999.3","23","999.9"," 0","  2.9","23","  5.8","999.9","  70.7"," ","  48.6"," "," 0.12","G","999.9","000000"
"01293099999","2024-07-20","63.4166666","11.7333333","171.0","MERAKER EGGE, NO","  69.9","20","  51.1","20","1013.4","20","993.7","20","999.9"," 0","  2.0","20","  3.9","999.9","  83.8"," ","  42.6"," "," 0.00","G","999.9","000000"
"01293099999","2024-07-21","63.4166666","11.7333333","171.0","MERAKER EGGE, NO","  71.6","24","  56.0","24","1008.9","24","989.4","24","999.9"," 0","  6.4","24"," 11.7","999.9","  81.7"," ","  56.1"," "," 0.00","G","999.9","000000"
"01293099999","2024-07-22","63.4166666","11.7333333","171.0","MERAKER EGGE, NO","  63.3","24","  58.0","24","1010.0","24","990.1","24","999.9"," 0","  2.9","24","  7.8","999.9","  77.4"," ","  56.3"," "," 0.00","G","999.9","000000"
"01293099999","2024-07-23","63.4166666","11.7333333","171.0","MERAKER EGGE, NO","  55.9","23","  54.3","23","1013.8","23","993.5","23","999.9"," 0","  3.6","23","  7.8","999.9","  62.6"," ","  53.2"," "," 0.74","G","999.9","000000"
"01293099999","2024-07-24","63.4166666","11.7333333","171.0","MERAKER EGGE, NO","  56.7","24","  50.7","24","1016.9","24","996.7","24","999.9"," 0","  2.6","24","  5.8","999.9","  63.7"," ","  52.2"," "," 0.28","G","999.9","000000"
"01293099999","2024-07-25","63.4166666","11.7333333","171.0","MERAKER EGGE, NO","  61.4","24","  53.4","24","1008.8","24","988.8","24","999.9"," 0","  1.8","24","  3.9","999.9","  73.0"," ","  48.7"," "," 0.00","G","999.9","000000"
"01293099999","2024-07-26","63.4166666","11.7333333","171.0","MERAKER EGGE, NO","  62.7","24","  53.1","24","1004.5","24","984.7","24","999.9"," 0","  7.1","24"," 15.5","999.9","  69.8"," ","  50.4"," "," 0.00","G","999.9","000000"
"01293099999","2024-07-27","63.4166666","11.7333333","171.0","MERAKER EGGE, NO","  57.6","24","  55.5","24","1009.7","24","989.6","24","999.9"," 0","  2.8","24","  5.8","999.9","  65.5"," ","  53.8"," "," 0.21","G","999.9","000000"
"01293099999","2024-07-28","63.4166666","11.7333333","171.0","MERAKER EGGE, NO","  55.9","24","  51.8","24","1017.2","24","996.9","24","999.9"," 0","  3.6","24","  7.8","999.9","  63.5"," ","  51.4"," "," 0.32","G","999.9","000000"
"01293099999","2024-07-29","63.4166666","11.7333333","171.0","MERAKER EGGE, NO","  55.8","24","  51.5","24","1020.8","24","000.5","24","999.9"," 0","  2.4","24","  5.8","999.9","  64.6"," ","  46.4"," "," 0.28","G","999.9","000000"
"01293099999","2024-07-30","63.4166666","11.7333333","171.0","MERAKER EGGE, NO","  60.7","23","  50.9","23","1012.2","23","992.2","23","999.9"," 0","  2.4","23","  7.8","999.9","  76.1"," ","  39.6"," "," 0.02","G","999.9","000000"
"01293099999","2024-07-31","63.4166666","11.7333333","171.0","MERAKER EGGE, NO","  53.2","23","  48.7","23","1012.9","23","992.6","23","999.9"," 0","  4.0","23","  7.8","999.9","  69.4"," ","  43.3"," "," 0.20","G","999.9","000000"
"01293099999","2024-08-01","63.4166666","11.7333333","171.0","MERAKER EGGE, NO","  52.7","24","  45.6","24","1014.8","24","994.4","24","999.9"," 0","  2.8","24","  5.8","999.9","  65.1"," ","  42.4"," "," 0.03","G","999.9","000000"
"01293099999","2024-08-02","63.4166666","11.7333333","171.0","MERAKER EGGE, NO","  51.8","23","  47.4","23","1013.8","23","993.4","23","999.9"," 0","  1.4","23","  3.9","999.9","  62.6"," ","  39.4"," "," 0.00","G","999.9","000000"
"01293099999","2024-08-03","63.4166666","11.7333333","171.0","MERAKER EGGE, NO","  61.3","23","  51.8","23","1007.6","23","987.7","23","999.9"," 0","  3.2","23","  5.8","999.9","  76.6"," ","  43.0"," "," 0.00","G","999.9","000000"
"01293099999","2024-08-04","63.4166666","11.7333333","171.0","MERAKER EGGE, NO","  63.8","24","  54.8","24","1007.5","24","987.7","24","999.9"," 0","  2.9","24","  5.8","999.9","  77.2"," ","  50.4"," "," 0.00","G","999.9","000000"
"01293099999","2024-08-05","63.4166666","11.7333333","171.0","MERAKER EGGE, NO","  64.9","21","  56.6","21","1010.8","21","991.0","21","999.9"," 0","  2.1","21","  3.9","999.9","  78.6"," ","  55.0"," "," 0.00","G","999.9","000000"
"01293099999","2024-08-06","63.4166666","11.7333333","171.0","MERAKER EGGE, NO","  67.0","24","  56.3","24","1010.3","24","990.5","24","999.9"," 0","  4.0","24","  9.7","999.9","  77.2"," ","  54.9"," "," 0.00","F","999.9","000000"
"01293099999","2024-08-07","63.4166666","11.7333333","171.0","MERAKER EGGE, NO","  68.7","24","  53.1","24","1007.3","24","987.7","24","999.9"," 0","  7.0","24"," 11.7","999.9","  75.2"," ","  61.3"," "," 0.00","G","999.9","000000"
"01293099999","2024-08-08","63.4166666","11.7333333","171.0","MERAKER EGGE, NO","  65.0","24","  53.0","24","1004.2","24","984.5","24","999.9"," 0","  5.2","24","  9.7","999.9","  72.9"," ","  52.3"," "," 0.05","G","999.9","000000"
"01293099999","2024-08-09","63.4166666","11.7333333","171.0","MERAKER EGGE, NO","  57.8","24","  50.9","24"," 999.2","24","979.4","24","999.9"," 0","  4.3","24","  9.7","999.9","  68.2"," ","  48.2"," "," 0.00","G","999.9","000000"
"01293099999","2024-08-10","63.4166666","11.7333333","171.0","MERAKER EGGE, NO","  56.7","24","  51.1","24"," 997.1","24","977.3","24","999.9"," 0","  3.0","24","  7.8","999.9","  69.6"," ","  51.6"," "," 0.69","G","999.9","000000"
"01293099999","2024-08-11","63.4166666","11.7333333","171.0","MERAKER EGGE, NO","  52.4","21","  47.9","21","1007.0","21","986.8","21","999.9"," 0","  6.8","21"," 11.7","999.9","  58.8"," ","  49.6"," "," 0.47","G","999.9","000000"
"01293099999","2024-08-13","63.4166666","11.7333333","171.0","MERAKER EGGE, NO","  61.9","24","  46.6","24","1012.3","24","992.3","24","999.9"," 0","  4.2","24"," 11.7","999.9","  79.5"," ","  42.3"," "," 0.00","G","999.9","000000"
"01293099999","2024-08-14","63.4166666","11.7333333","171.0","MERAKER EGGE, NO","  67.7","24","  53.0","24","1009.8","24","990.1","24","999.9"," 0","  4.7","24"," 11.7","999.9","  79.3"," ","  57.0"," "," 0.00","G","999.9","000000"
"01293099999","2024-08-15","63.4166666","11.7333333","171.0","MERAKER EGGE, NO","  65.4","24","  55.6","24","1002.9","24","983.2","24","999.9"," 0","  5.2","24"," 11.7","999.9","  75.6"," ","  56.8"," "," 0.04","G","999.9","000000"
"01293099999","2024-08-16","63.4166666","11.7333333","171.0","MERAKER EGGE, NO","  57.0","24","  49.2","24","1003.1","24","983.2","24","999.9"," 0","  3.2","24"," 11.7","999.9","  68.9"," ","  48.2"," "," 0.28","G","999.9","000000"
"01293099999","2024-08-17","63.4166666","11.7333333","171.0","MERAKER EGGE, NO","  54.3","24","  46.3","24","1002.6","24","982.5","24","999.9"," 0","  2.3","24","  5.8","999.9","  69.4"," ","  42.3"," "," 0.00","G","999.9","000000"
"01293099999","2024-08-18","63.4166666","11.7333333","171.0","MERAKER EGGE, NO","  49.8","24","  46.9","24","1002.9","24","982.7","24","999.9"," 0","  1.9","24","  3.9","999.9","  61.3"," ","  39.4"," "," 0.06","G","999.9","000000"
"01293099999","2024-08-19","63.4166666","11.7333333","171.0","MERAKER EGGE, NO","  53.4","24","  47.3","24","1008.0","24","987.8","24","999.9"," 0","  2.7","24","  7.8","999.9","  64.6"," ","  41.7"," "," 0.13","G","999.9","000000"
"01293099999","2024-08-20","63.4166666","11.7333333","171.0","MERAKER EGGE, NO","  63.8","18","  51.1","18","1003.6","18","983.8","18","999.9"," 0","  9.0","18"," 15.5","999.9","  68.5"," ","  50.7"," "," 0.00","G","999.9","000000"
"01293099999","2024-08-21","63.4166666","11.7333333","171.0","MERAKER EGGE, NO","  55.5","24","  52.5","24","1002.0","24","982.0","24","999.9"," 0","  2.7","24"," 11.7","999.9","  64.4"," ","  47.3"," "," 0.14","G","999.9","000000"
"01293099999","2024-08-22","63.4166666","11.7333333","171.0","MERAKER EGGE, NO","  56.4","24","  48.2","24"," 994.9","24","975.1","24","999.9"," 0","  7.3","24"," 13.6","999.9","  63.7"," ","  41.2"," "," 0.38","G","999.9","000000"
"01293099999","2024-08-23","63.4166666","11.7333333","171.0","MERAKER EGGE, NO","  55.8","24","  52.7","24"," 990.5","24","970.7","24","999.9"," 0","  2.3","24","  3.9","999.9","  61.9"," ","  52.5"," "," 0.02","G","999.9","000000"
"01293099999","2024-08-24","63.4166666","11.7333333","171.0","MERAKER EGGE, NO","  58.2","24","  45.4","24"," 998.5","24","978.6","24","999.9"," 0","  5.2","24"," 11.7","999.9","  66.6"," ","  50.2"," "," 0.67","G","999.9","000000"
"01293099999","2024-08-25","63.4166666","11.7333333","171.0","MERAKER EGGE, NO","  57.9","24","  47.5","24"," 997.3","24","977.5","24","999.9"," 0","  4.1","24"," 11.7","999.9","  69.4"," ","  43.3"," "," 0.00","G","999.9","000000"
"01293099999","2024-08-26","63.4166666","11.7333333","171.0","MERAKER EGGE, NO","  51.5","24","  44.9","24","1004.7","24","984.5","24","999.9"," 0","  6.2","24"," 11.7","999.9","  59.9"," ","  39.2"," "," 0.02","G","999.9","000000"
"01293099999","2024-08-27","63.4166666","11.7333333","171.0","MERAKER EGGE, NO","  56.4","23","  44.5","23","1014.5","23","994.3","23","999.9"," 0","  3.2","23","  7.8","999.9","  68.2"," ","  48.0"," "," 0.23","G","999.9","000000"
"01293099999","2024-08-28","63.4166666","11.7333333","171.0","MERAKER EGGE, NO","  63.5","24","  53.7","24","1015.7","24","995.7","24","999.9"," 0","  3.9","24","  5.8","999.9","  72.9"," ","  52.9"," "," 0.02","G","999.9","000000"
"01293099999","2024-08-29","63.4166666","11.7333333","171.0","MERAKER EGGE, NO","  62.7","24","  53.8","24","1012.7","24","992.7","24","999.9"," 0","  5.7","24"," 11.7","999.9","  71.2"," ","  54.9"," "," 0.00","G","999.9","000000"
"01293099999","2024-08-30","63.4166666","11.7333333","171.0","MERAKER EGGE, NO","  53.4","24","  49.2","24","1014.1","24","993.7","24","999.9"," 0","  2.2","24","  9.7","999.9","  68.2"," ","  45.7"," "," 0.32","G","999.9","000000"
"01293099999","2024-08-31","63.4166666","11.7333333","171.0","MERAKER EGGE, NO","  50.4","24","  47.7","24","1026.8","24","006.1","24","999.9"," 0","  2.8","24","  5.8","999.9","  54.0"," ","  45.7"," "," 0.55","G","999.9","000000"
"01293099999","2024-09-01","63.4166666","11.7333333","171.0","MERAKER EGGE, NO","  50.4","24","  46.1","24","1028.4","24","007.6","24","999.9"," 0","  2.1","24","  3.9","999.9","  56.7"," ","  41.9"," "," 0.04","G","999.9","000000"
"01293099999","2024-09-02","63.4166666","11.7333333","171.0","MERAKER EGGE, NO","  52.9","24","  45.7","24","1020.8","24","000.3","24","999.9"," 0","  4.2","24","  7.8","999.9","  64.6"," ","  41.4"," "," 0.00","G","999.9","000000"
"01293099999","2024-09-03","63.4166666","11.7333333","171.0","MERAKER EGGE, NO","  58.9","24","  49.6","24","1015.2","24","995.1","24","999.9"," 0","  7.0","24"," 13.6","999.9","  65.7"," ","  45.0"," "," 0.00","G","999.9","000000"
"01293099999","2024-09-04","63.4166666","11.7333333","171.0","MERAKER EGGE, NO","  63.8","24","  57.0","24","1021.5","24","001.4","24","999.9"," 0","  3.5","24","  5.8","999.9","  69.8"," ","  55.6"," "," 0.10","G","999.9","000000"
"01293099999","2024-09-05","63.4166666","11.7333333","171.0","MERAKER EGGE, NO","  65.7","24","  60.3","24","1027.5","24","007.3","24","999.9"," 0","  1.9","24","  3.9","999.9","  80.6"," ","  54.1"," "," 0.02","G","999.9","000000"
"01293099999","2024-09-06","63.4166666","11.7333333","171.0","MERAKER EGGE, NO","  65.8","24","  59.8","24","1024.1","24","004.1","24","999.9"," 0","  1.9","24","  3.9","999.9","  81.7"," ","  55.8"," "," 0.07","G","999.9","000000"
"01293099999","2024-09-07","63.4166666","11.7333333","171.0","MERAKER EGGE, NO","  63.4","24","  56.1","24","1019.9","24","999.9","24","999.9"," 0","  1.5","24","  5.8","999.9","  82.2"," ","  50.4"," "," 0.00","G","999.9","000000"
"01293099999","2024-09-08","63.4166666","11.7333333","171.0","MERAKER EGGE, NO","  64.3","24","  53.6","24","1011.4","24","991.5","24","999.9"," 0","  5.4","24"," 13.6","999.9","  76.6"," ","  47.1"," "," 0.00","G","999.9","000000"
"01293099999","2024-09-09","63.4166666","11.7333333","171.0","MERAKER EGGE, NO","  65.0","24","  55.7","24"," 997.8","24","978.2","24","999.9"," 0","  6.5","24"," 13.6","999.9","  71.8"," ","  52.5"," "," 0.00","G","999.9","000000"
"01293099999","2024-09-10","63.4166666","11.7333333","171.0","MERAKER EGGE, NO","  49.2","24","  48.4","24"," 991.3","24","971.2","24","999.9"," 0","  1.9","24","  3.9","999.9","  57.9"," ","  43.7"," "," 1.29","G","999.9","000000"
"01293099999","2024-09-11","63.4166666","11.7333333","171.0","MERAKER EGGE, NO","  54.6","24","  40.6","24"," 988.5","24","968.7","24","999.9"," 0","  9.3","24"," 15.5","999.9","  61.3"," ","  43.7"," "," 0.16","G","999.9","000000"
"01293099999","2024-09-12","63.4166666","11.7333333","171.0","MERAKER EGGE, NO","  51.5","24","  41.5","24"," 999.9","24","979.8","24","999.9"," 0","  7.3","24"," 15.5","999.9","  61.2"," ","  44.4"," "," 0.00","G","999.9","000000"
"01293099999","2024-09-13","63.4166666","11.7333333","171.0","MERAKER EGGE, NO","  42.8","16","  40.2","16","1017.1","16","996.3","16","999.9"," 0","  1.9","16","  3.9","999.9","  57.4"," ","  32.9"," "," 0.33","G","999.9","000000"
"01293099999","2024-09-14","63.4166666","11.7333333","171.0","MERAKER EGGE, NO","  41.9","24","  33.9","24","1024.3","24","003.3","24","999.9"," 0","  1.8","24","  5.8","999.9","  61.2"," ","  27.5"," "," 0.00","G","999.9","000000"
"01293099999","2024-09-15","63.4166666","11.7333333","171.0","MERAKER EGGE, NO","  54.7","21","  43.8","21","1018.4","21","998.0","21","999.9"," 0","  2.7","21","  3.9","999.9","  71.4"," ","  33.3"," "," 0.00","G","999.9","000000"
"01293099999","2024-09-17","63.4166666","11.7333333","171.0","MERAKER EGGE, NO","  53.2","24","  48.1","24","1030.0","24","009.3","24","999.9"," 0","  1.4","24","  3.9","999.9","  66.9"," ","  41.4"," "," 0.11","G","999.9","000000"
"01293099999","2024-09-18","63.4166666","11.7333333","171.0","MERAKER EGGE, NO","  50.9","24","  48.8","24","1034.5","24","013.6","24","999.9"," 0","  1.5","24","  3.9","999.9","  60.4"," ","  41.4"," "," 0.00","G","999.9","000000"
"01293099999","2024-09-19","63.4166666","11.7333333","171.0","MERAKER EGGE, NO","  53.0","24","  47.8","24","1032.4","24","011.6","24","999.9"," 0","  2.5","24","  7.8","999.9","  69.4"," ","  39.7"," "," 0.00","G","999.9","000000"
"01293099999","2024-09-20","63.4166666","11.7333333","171.0","MERAKER EGGE, NO","  48.2","24","  44.2","24","1032.2","24","011.3","24","999.9"," 0","  2.9","24","  9.7","999.9","  59.7"," ","  40.3"," "," 0.00","G","999.9","000000"
"01293099999","2024-09-21","63.4166666","11.7333333","171.0","MERAKER EGGE, NO","  43.6","24","  38.3","24","1031.3","24","010.2","24","999.9"," 0","  2.4","24","  5.8","999.9","  52.2"," ","  32.4"," "," 0.00","G","999.9","000000"
"01293099999","2024-09-22","63.4166666","11.7333333","171.0","MERAKER EGGE, NO","  40.8","24","  37.6","24","1020.8","24","999.8","24","999.9"," 0","  1.5","24","  1.9","999.9","  49.3"," ","  30.2"," "," 0.00","G","999.9","000000"
"01293099999","2024-09-23","63.4166666","11.7333333","171.0","MERAKER EGGE, NO","  44.8","24","  43.3","24","1008.8","24","988.2","24","999.9"," 0","  1.4","24","  3.9","999.9","  54.0"," ","  38.3"," "," 0.04","G","999.9","000000"
"01293099999","2024-09-24","63.4166666","11.7333333","171.0","MERAKER EGGE, NO","  44.4","23","  42.9","23","1002.6","23","982.2","23","999.9"," 0","  1.4","23","  1.9","999.9","  48.4"," ","  42.1"," "," 0.17","G","999.9","000000"
"01293099999","2024-09-25","63.4166666","11.7333333","171.0","MERAKER EGGE, NO","  42.4","24","  41.3","24"," 991.2","24","970.9","24","999.9"," 0","  3.2","24","  7.8","999.9","  44.8"," ","  39.9"," "," 0.31","G","999.9","000000"
"01293099999","2024-09-26","63.4166666","11.7333333","171.0","MERAKER EGGE, NO","  43.9","24","  39.8","24"," 994.8","24","974.4","24","999.9"," 0","  2.5","24","  5.8","999.9","  51.3"," ","  39.9"," "," 0.46","G","999.9","000000"
"01293099999","2024-09-27","63.4166666","11.7333333","171.0","MERAKER EGGE, NO","  40.8","24","  37.9","24"," 993.6","24","973.2","24","999.9"," 0","  2.3","24","  5.8","999.9","  50.4"," ","  35.1"," "," 0.02","G","999.9","000000"
"01293099999","2024-09-28","63.4166666","11.7333333","171.0","MERAKER EGGE, NO","  38.0","22","  34.6","22","1000.4","22","979.7","22","999.9"," 0","  2.5","22","  5.8","999.9","  46.0"," ","  32.9"," "," 0.13","G","999.9","000000"
"01293099999","2024-09-29","63.4166666","11.7333333","171.0","MERAKER EGGE, NO","  35.6","23","  33.5","23","1017.7","23","996.5","23","999.9"," 0","  2.6","23","  9.7","999.9","  45.3"," ","  30.2"," "," 0.60","G","999.9","000000"
"01293099999","2024-09-30","63.4166666","11.7333333","171.0","MERAKER EGGE, NO","  39.2","24","  34.1","24","1022.1","24","001.0","24","999.9"," 0","  2.6","24","  5.8","999.9","  50.2"," ","  25.9"," "," 0.17","G","999.9","000000"
"01293099999","2024-10-01","63.4166666","11.7333333","171.0","MERAKER EGGE, NO","  44.9","24","  42.0","24","1023.9","24","003.1","24","999.9"," 0","  2.0","24","  3.9","999.9","  53.8"," ","  39.6"," "," 0.00","G","999.9","000000"
"01293099999","2024-10-02","63.4166666","11.7333333","171.0","MERAKER EGGE, NO","  42.1","24","  41.3","24","1022.1","24","001.1","24","999.9"," 0","  1.5","24","  3.9","999.9","  46.9"," ","  36.9"," "," 0.02","G","999.9","000000"
"01293099999","2024-10-03","63.4166666","11.7333333","171.0","MERAKER EGGE, NO","  46.2","24","  42.7","24","1021.7","24","000.9","24","999.9"," 0","  2.2","24","  3.9","999.9","  50.5"," ","  42.3"," "," 0.06","G","999.9","000000"
"01293099999","2024-10-04","63.4166666","11.7333333","171.0","MERAKER EGGE, NO","  45.0","24","  41.9","24","1019.3","24","998.5","24","999.9"," 0","  1.9","24","  5.8","999.9","  47.5"," ","  42.4"," "," 0.01","G","999.9","000000"
"01293099999","2024-10-05","63.4166666","11.7333333","171.0","MERAKER EGGE, NO","  43.3","24","  42.5","24","1013.5","24","992.8","24","999.9"," 0","  1.2","24","  3.9","999.9","  47.1"," ","  40.1"," "," 0.17","G","999.9","000000"
"01293099999","2024-10-06","63.4166666","11.7333333","171.0","MERAKER EGGE, NO","  41.7","24","  40.6","24","1009.1","24","988.4","24","999.9"," 0","  2.5","24","  5.8","999.9","  44.1"," ","  38.3"," "," 0.18","G","999.9","000000"
"01293099999","2024-10-07","63.4166666","11.7333333","171.0","MERAKER EGGE, NO","  39.8","24","  36.9","24","1009.4","24","988.6","24","999.9"," 0","  2.8","24","  5.8","999.9","  43.2"," ","  37.2"," "," 0.17","G","999.9","000000"
"01293099999","2024-10-08","63.4166666","11.7333333","171.0","MERAKER EGGE, NO","  49.4","24","  41.4","24","1002.7","24","982.4","24","999.9"," 0","  5.7","24","  7.8","999.9","  53.6"," ","  39.2"," "," 0.09","G","999.9","000000"
"01293099999","2024-10-09","63.4166666","11.7333333","171.0","MERAKER EGGE, NO","  49.1","24","  45.7","24"," 991.6","24","971.5","24","999.9"," 0","  2.9","24","  5.8","999.9","  54.0"," ","  43.2"," "," 0.02","G","999.9","000000"
"01293099999","2024-10-10","63.4166666","11.7333333","171.0","MERAKER EGGE, NO","  36.3","24","  35.2","24"," 993.0","24","972.4","24","999.9"," 0","  3.0","24","  5.8","999.9","  48.7"," ","  33.1"," "," 0.18","G","999.9","000000"
"01293099999","2024-10-11","63.4166666","11.7333333","171.0","MERAKER EGGE, NO","  36.7","24","  32.0","24"," 997.8","24","977.1","24","999.9"," 0","  3.3","24","  7.8","999.9","  42.1"," ","  32.5"," "," 0.33","G","999.9","000000"
"01293099999","2024-10-12","63.4166666","11.7333333","171.0","MERAKER EGGE, NO","  37.9","24","  27.1","24","1006.1","24","985.3","24","999.9"," 0","  8.0","24"," 15.5","999.9","  45.3"," ","  28.4"," "," 0.01","G","999.9","000000"
"01293099999","2024-10-13","63.4166666","11.7333333","171.0","MERAKER EGGE, NO","  43.4","24","  34.4","24","1006.2","24","985.6","24","999.9"," 0","  6.7","24"," 17.5","999.9","  50.9"," ","  31.8"," "," 0.00","G","999.9","000000"
"01293099999","2024-10-14","63.4166666","11.7333333","171.0","MERAKER EGGE, NO","  35.9","24","  34.0","24","1014.8","24","993.8","24","999.9"," 0","  2.3","24","  3.9","999.9","  44.6"," ","  30.4"," "," 0.02","G","999.9","000000"
"01293099999","2024-10-15","63.4166666","11.7333333","171.0","MERAKER EGGE, NO","  30.9","24","  30.3","24","1019.9","24","998.5","24","999.9"," 0","  1.3","24","  1.9","999.9","  36.3"," ","  22.5"," "," 0.06","G","999.9","000000"
"01293099999","2024-10-16","63.4166666","11.7333333","171.0","MERAKER EGGE, NO","  38.5","24","  33.6","24","1018.5","24","997.5","24","999.9"," 0","  3.0","24","  7.8","999.9","  51.4"," ","  27.7"," "," 0.02","G","999.9","000000"
"01293099999","2024-10-17","63.4166666","11.7333333","171.0","MERAKER EGGE, NO","  52.3","24","  38.3","24","1010.1","24","989.8","24","999.9"," 0","  6.8","24"," 13.6","999.9","  57.0"," ","  42.4"," "," 0.00","G","999.9","000000"
"01293099999","2024-10-18","63.4166666","11.7333333","171.0","MERAKER EGGE, NO","  48.3","24","  42.7","24","1012.2","24","991.6","24","999.9"," 0","  3.3","24","  5.8","999.9","  61.0"," ","  41.2"," "," 0.00","G","999.9","000000"
"01293099999","2024-10-19","63.4166666","11.7333333","171.0","MERAKER EGGE, NO","  54.9","24","  45.7","24","1012.7","24","992.4","24","999.9"," 0","  6.2","24"," 13.6","999.9","  62.2"," ","  40.5"," "," 0.00","G","999.9","000000"
"01293099999","2024-10-20","63.4166666","11.7333333","171.0","MERAKER EGGE, NO","  54.3","24","  47.5","24","1007.5","24","987.3","24","999.9"," 0","  4.9","24","  9.7","999.9","  59.5"," ","  48.7"," "," 0.20","G","999.9","000000"
"01293099999","2024-10-21","63.4166666","11.7333333","171.0","MERAKER EGGE, NO","  54.0","24","  41.4","24"," 994.7","24","974.8","24","999.9"," 0","  9.8","24"," 17.5","999.9","  61.5"," ","  42.6"," "," 0.04","G","999.9","000000"
"01293099999","2024-10-22","63.4166666","11.7333333","171.0","MERAKER EGGE, NO","  46.5","24","  36.8","24","1004.4","24","984.0","24","999.9"," 0","  5.5","24"," 11.7","999.9","  54.1"," ","  37.6"," "," 0.11","G","999.9","000000"
"01293099999","2024-10-23","63.4166666","11.7333333","171.0","MERAKER EGGE, NO","  45.4","24","  41.0","24","1011.1","24","990.5","24","999.9"," 0","  6.2","24"," 15.5","999.9","  52.2"," ","  37.6"," "," 0.38","G","999.9","000000"
"01293099999","2024-10-24","63.4166666","11.7333333","171.0","MERAKER EGGE, NO","  48.6","24","  44.4","24","1015.9","24","995.3","24","999.9"," 0","  2.8","24","  7.8","999.9","  56.8"," ","  34.2"," "," 0.91","G","999.9","000000"
"01293099999","2024-10-25","63.4166666","11.7333333","171.0","MERAKER EGGE, NO","  36.7","24","  34.9","24","1015.3","24","994.2","24","999.9"," 0","  2.6","24"," 11.7","999.9","  48.9"," ","  28.4"," "," 0.00","G","999.9","000000"
"01293099999","2024-10-26","63.4166666","11.7333333","171.0","MERAKER EGGE, NO","  39.9","23","  34.0","23","1013.2","23","992.3","23","999.9"," 0","  3.9","23"," 13.6","999.9","  52.0"," ","  27.3"," "," 0.00","G","999.9","000000"
"01293099999","2024-10-27","63.4166666","11.7333333","171.0","MERAKER EGGE, NO","  43.8","24","  38.0","24","1001.9","24","981.4","24","999.9"," 0","  6.2","24"," 13.6","999.9","  52.0"," ","  32.2"," "," 0.01","G","999.9","000000"
"01293099999","2024-10-28","63.4166666","11.7333333","171.0","MERAKER EGGE, NO","  36.2","24","  32.3","24","1011.5","24","990.5","24","999.9"," 0","  4.5","24","  7.8","999.9","  41.5"," ","  32.5"," "," 0.11","G","999.9","000000"
"01293099999","2024-10-29","63.4166666","11.7333333","171.0","MERAKER EGGE, NO","  36.0","24","  33.0","24","1009.6","24","988.6","24","999.9"," 0","  4.4","24"," 11.7","999.9","  49.1"," ","  29.5"," "," 0.23","G","999.9","000000"
"01293099999","2024-10-30","63.4166666","11.7333333","171.0","MERAKER EGGE, NO","  36.6","24","  34.8","24","1009.2","24","988.2","24","999.9"," 0","  2.9","24","  5.8","999.9","  45.5"," ","  32.7"," "," 0.92","G","999.9","000000"
"01293099999","2024-10-31","63.4166666","11.7333333","171.0","MERAKER EGGE, NO","  34.1","24","  33.3","24","1002.5","24","981.6","24","999.9"," 0","  1.5","24","  3.9","999.9","  39.2"," ","  32.0"," "," 1.00","G","999.9","000000"
"01293099999","2024-11-01","63.4166666","11.7333333","171.0","MERAKER EGGE, NO","  32.5","24","  30.3","24","1000.3","24","979.4","24","999.9"," 0","  7.0","24"," 15.5","999.9","  37.8"," ","  29.7"," "," 0.50","G","  1.6","000000"
"01293099999","2024-11-02","63.4166666","11.7333333","171.0","MERAKER EGGE, NO","  33.5","24","  30.1","24","1020.7","24","999.4","24","999.9"," 0","  4.2","24","  7.8","999.9","  35.4"," ","  30.0"," "," 0.43","G","  2.8","000000"
"01293099999","2024-11-03","63.4166666","11.7333333","171.0","MERAKER EGGE, NO","  38.8","24","  36.6","24","1015.2","24","994.2","24","999.9"," 0","  5.3","24"," 11.7","999.9","  46.8"," ","  30.0"," "," 0.43","G","  0.8","000000"
"01293099999","2024-11-04","63.4166666","11.7333333","171.0","MERAKER EGGE, NO","  38.9","22","  37.9","22","1025.0","22","003.8","22","999.9"," 0","  2.0","22","  5.8","999.9","  48.0"," ","  30.0"," "," 0.39","G","999.9","000000"
"01293099999","2024-11-05","63.4166666","11.7333333","171.0","MERAKER EGGE, NO","  44.8","24","  43.2","24","1023.6","24","002.8","24","999.9"," 0","  2.2","24","  3.9","999.9","  48.0"," ","  42.1"," "," 0.09","G","999.9","000000"
"01293099999","2024-11-06","63.4166666","11.7333333","171.0","MERAKER EGGE, NO","  40.5","24","  39.6","24","1026.0","24","004.9","24","999.9"," 0","  1.8","24","  3.9","999.9","  44.1"," ","  38.5"," "," 0.01","G","999.9","000000"
"01293099999","2024-11-07","63.4166666","11.7333333","171.0","MERAKER EGGE, NO","  43.2","24","  42.6","24","1030.5","24","009.4","24","999.9"," 0","  2.1","24","  3.9","999.9","  48.6"," ","  35.2"," "," 0.04","G","999.9","000000"
"01293099999","2024-11-08","63.4166666","11.7333333","171.0","MERAKER EGGE, NO","  34.2","24","  33.8","24","1030.8","24","009.3","24","999.9"," 0","  1.6","24","  3.9","999.9","  41.7"," ","  29.1"," "," 0.00","G","999.9","000000"
"01293099999","2024-11-09","63.4166666","11.7333333","171.0","MERAKER EGGE, NO","  38.8","24","  38.2","24","1031.5","24","010.2","24","999.9"," 0","  2.3","24","  5.8","999.9","  45.3"," ","  31.1"," "," 0.02","G","999.9","000000"
"01293099999","2024-11-10","63.4166666","11.7333333","171.0","MERAKER EGGE, NO","  29.1","24","  28.8","24","1026.0","24","004.4","24","999.9"," 0","  1.8","24","  3.9","999.9","  37.8"," ","  26.2"," "," 0.00","G","999.9","000000"
"01293099999","2024-11-11","63.4166666","11.7333333","171.0","MERAKER EGGE, NO","  31.3","24","  31.0","24","1025.4","24","003.9","24","999.9"," 0","  1.2","24","  3.9","999.9","  40.8"," ","  24.6"," "," 0.00","G","999.9","000000"
"01293099999","2024-11-12","63.4166666","11.7333333","171.0","MERAKER EGGE, NO","  40.5","24","  39.2","24","1029.9","24","008.7","24","999.9"," 0","  2.6","24","  5.8","999.9","  43.0"," ","  32.9"," "," 0.09","G","999.9","000000"
"01293099999","2024-11-13","63.4166666","11.7333333","171.0","MERAKER EGGE, NO","  44.5","24","  39.8","24","1016.9","24","996.2","24","999.9"," 0","  6.5","24"," 11.7","999.9","  52.5"," ","  40.1"," "," 0.17","G","999.9","000000"
"01293099999","2024-11-14","63.4166666","11.7333333","171.0","MERAKER EGGE, NO","  39.4","24","  36.0","24","1013.4","24","992.5","24","999.9"," 0","  6.0","24"," 11.7","999.9","  45.5"," ","  36.1"," "," 0.26","G","999.9","000000"
"01293099999","2024-11-15","63.4166666","11.7333333","171.0","MERAKER EGGE, NO","  48.2","24","  42.7","24"," 999.5","24","979.2","24","999.9"," 0","  4.5","24"," 13.6","999.9","  54.7"," ","  39.7"," "," 0.39","G","999.9","000000"
"01293099999","2024-11-16","63.4166666","11.7333333","171.0","MERAKER EGGE, NO","  36.8","24","  28.2","24"," 979.6","24","959.3","24","999.9"," 0","  9.6","24"," 13.6","999.9","  50.7"," ","  33.6"," "," 0.33","G","999.9","000000"
"01293099999","2024-11-17","63.4166666","11.7333333","171.0","MERAKER EGGE, NO","  34.4","22","  32.4","22"," 982.1","22","961.6","22","999.9"," 0","  4.9","22"," 11.7","999.9","  38.1"," ","  32.0"," "," 0.29","G","999.9","000000"
"01293099999","2024-11-22","63.4166666","11.7333333","171.0","MERAKER EGGE, NO","  17.3","24","  14.2","24"," 988.6","24","967.3","24","999.9"," 0","  2.6","24","  5.8","999.9","  26.6"," ","  10.6"," "," 0.00","G","  1.6","000000"
"01293099999","2024-11-23","63.4166666","11.7333333","171.0","MERAKER EGGE, NO","  22.2","24","  20.4","24"," 999.3","24","978.0","24","999.9"," 0","  2.1","24","  3.9","999.9","  30.2"," ","  16.0"," "," 0.11","G","  2.8","000000"
"01293099999","2024-11-24","63.4166666","11.7333333","171.0","MERAKER EGGE, NO","  28.8","24","  23.4","24"," 994.8","24","973.9","24","999.9"," 0","  6.4","24"," 11.7","999.9","  39.4"," ","  15.1"," "," 0.07","G","  1.6","000000"
"01293099999","2024-11-25","63.4166666","11.7333333","171.0","MERAKER EGGE, NO","  39.2","24","  32.6","24"," 983.3","24","963.0","24","999.9"," 0","  4.0","24","  7.8","999.9","  45.1"," ","  30.9"," "," 0.12","G","  1.6","000000"
"01293099999","2024-11-26","63.4166666","11.7333333","171.0","MERAKER EGGE, NO","  34.4","23","  30.4","23"," 997.6","23","976.8","23","999.9"," 0","  2.5","23","  7.8","999.9","  45.1"," ","  30.0"," "," 0.00","G","  1.2","000000"
"01293099999","2024-11-27","63.4166666","11.7333333","171.0","MERAKER EGGE, NO","  23.3","24","  21.0","24","1018.1","24","996.4","24","999.9"," 0","  1.9","24","  3.9","999.9","  33.4"," ","   9.3"," "," 0.00","G","  0.8","000000"
"01293099999","2024-11-28","63.4166666","11.7333333","171.0","MERAKER EGGE, NO","  14.5","24","  11.8","24","1024.4","24","002.2","24","999.9"," 0","  1.8","24","  3.9","999.9","  24.3"," ","   5.2"," "," 0.00","G","  0.8","000000"
"01293099999","2024-11-29","63.4166666","11.7333333","171.0","MERAKER EGGE, NO","  33.7","24","  29.6","24","1018.1","24","996.8","24","999.9"," 0","  1.9","24","  5.8","999.9","  40.3"," ","  20.5"," "," 0.00","G","  0.8","000000"
"01293099999","2024-11-30","63.4166666","11.7333333","171.0","MERAKER EGGE, NO","  36.5","22","  35.3","22","1009.1","22","988.2","22","999.9"," 0","  2.6","22","  5.8","999.9","  43.5"," ","  32.2"," "," 0.09","G","999.9","000000"
"01293099999","2024-12-02","63.4166666","11.7333333","171.0","MERAKER EGGE, NO","  35.5","24","  30.0","24","1004.4","24","983.5","24","999.9"," 0","  5.3","24"," 13.6","999.9","  51.4"," ","  27.3"," "," 0.09","G","999.9","000000"
"01293099999","2024-12-03","63.4166666","11.7333333","171.0","MERAKER EGGE, NO","  24.8","19","  22.6","19","1019.3","19","997.6","19","999.9"," 0","  2.5","19","  5.8","999.9","  30.0"," ","  17.4"," "," 0.09","G","999.9","000000"
"01293099999","2024-12-04","63.4166666","11.7333333","171.0","MERAKER EGGE, NO","  25.3","24","  12.5","24","1023.6","24","001.9","24","999.9"," 0","  5.4","24"," 11.7","999.9","  29.8"," ","  12.6"," "," 0.06","G","999.9","000000"
"01293099999","2024-12-05","63.4166666","11.7333333","171.0","MERAKER EGGE, NO","  32.0","24","  19.0","24","1010.5","24","989.4","24","999.9"," 0","  9.9","24"," 21.4","999.9","  35.2"," ","  25.9"," "," 0.00","G","999.9","000000"
"01293099999","2024-12-06","63.4166666","11.7333333","171.0","MERAKER EGGE, NO","  36.5","24","  25.6","24","1004.1","24","983.3","24","999.9"," 0","  8.3","24"," 21.4","999.9","  38.1"," ","  32.4"," "," 0.00","G","999.9","000000"
"01293099999","2024-12-07","63.4166666","11.7333333","171.0","MERAKER EGGE, NO","  32.8","24","  26.6","24","1009.8","24","988.8","24","999.9"," 0","  3.4","24","  5.8","999.9","  38.8"," ","  28.6"," "," 0.00","G","999.9","000000"
"01293099999","2024-12-08","63.4166666","11.7333333","171.0","MERAKER EGGE, NO","  32.8","24","  31.2","24","1028.8","24","007.4","24","999.9"," 0","  2.7","24","  7.8","999.9","  37.4"," ","  28.2"," "," 0.01","G","999.9","000000"
"01293099999","2024-12-09","63.4166666","11.7333333","171.0","MERAKER EGGE, NO","  25.5","24","  24.3","24","1039.7","24","017.6","24","999.9"," 0","  1.9","24","  3.9","999.9","  35.4"," ","  21.6"," "," 0.05","G","999.9","000000"
"01293099999","2024-12-10","63.4166666","11.7333333","171.0","MERAKER EGGE, NO","  34.1","24","  31.7","24","1031.4","24","009.9","24","999.9"," 0","  2.8","24","  5.8","999.9","  40.8"," ","  22.1"," "," 0.00","G","999.9","000000"
"01293099999","2024-12-11","63.4166666","11.7333333","171.0","MERAKER EGGE, NO","  33.5","24","  31.1","24","1031.6","24","010.1","24","999.9"," 0","  2.4","24","  5.8","999.9","  40.1"," ","  30.2"," "," 0.09","G","999.9","000000"
"01293099999","2024-12-12","63.4166666","11.7333333","171.0","MERAKER EGGE, NO","  29.8","24","  28.2","24","1030.5","24","008.9","24","999.9"," 0","  1.9","24","  3.9","999.9","  32.9"," ","  27.1"," "," 0.01","G","999.9","000000"
"01293099999","2024-12-13","63.4166666","11.7333333","171.0","MERAKER EGGE, NO","  37.2","24","  33.4","24","1014.5","24","993.5","24","999.9"," 0","  2.9","24","  5.8","999.9","  43.9"," ","  27.5"," "," 0.02","G","999.9","000000"
"01293099999","2024-12-14","63.4166666","11.7333333","171.0","MERAKER EGGE, NO","  33.4","24","  32.3","24"," 997.6","24","976.8","24","999.9"," 0","  3.0","24","  5.8","999.9","  35.8"," ","  32.0"," "," 0.24","G","999.9","000000"
"01293099999","2024-12-15","63.4166666","11.7333333","171.0","MERAKER EGGE, NO","  32.7","24","  30.8","24"," 990.6","24","969.9","24","999.9"," 0","  4.2","24"," 13.6","999.9","  37.4"," ","  30.7"," "," 0.19","G","  2.8","000000"
"01293099999","2024-12-16","63.4166666","11.7333333","171.0","MERAKER EGGE, NO","  33.3","24","  29.7","24"," 987.5","24","966.9","24","999.9"," 0"," 10.1","24"," 17.5","999.9","  35.4"," ","  31.8"," "," 0.93","G"," 10.6","000000"
"01293099999","2024-12-17","63.4166666","11.7333333","171.0","MERAKER EGGE, NO","  33.3","24","  31.1","24","1003.9","24","982.9","24","999.9"," 0","  4.9","24"," 11.7","999.9","  36.7"," ","  29.8"," "," 1.43","G"," 10.6","000000"
"01293099999","2024-12-18","63.4166666","11.7333333","171.0","MERAKER EGGE, NO","  36.2","19","  31.4","19"," 987.5","19","967.0","19","999.9"," 0","  5.0","19","  9.7","999.9","  44.2"," ","  27.1"," "," 0.50","G","  8.3","000000"
"01293099999","2024-12-19","63.4166666","11.7333333","171.0","MERAKER EGGE, NO","  33.3","24","  31.9","24"," 975.4","24","955.1","24","999.9"," 0","  2.5","24","  5.8","999.9","  44.2"," ","  28.9"," "," 0.18","G","  7.5","000000"
"01293099999","2024-12-20","63.4166666","11.7333333","171.0","MERAKER EGGE, NO","  29.1","24","  26.9","24"," 993.5","24","972.6","24","999.9"," 0","  4.1","24","  7.8","999.9","  33.3"," ","  22.5"," "," 0.11","G","  8.7","000000"
"01293099999","2024-12-21","63.4166666","11.7333333","171.0","MERAKER EGGE, NO","  20.4","24","  16.4","24"," 989.5","24","968.3","24","999.9"," 0","  4.0","24","  5.8","999.9","  29.5"," ","  12.7"," "," 0.03","G","  8.3","000000"
"01293099999","2024-12-22","63.4166666","11.7333333","171.0","MERAKER EGGE, NO","  23.6","24","  18.7","24"," 981.1","24","960.2","24","999.9"," 0","  4.8","24","  7.8","999.9","  28.8"," ","  17.6"," "," 0.00","G","  8.3","000000"
"01293099999","2024-12-23","63.4166666","11.7333333","171.0","MERAKER EGGE, NO","  25.7","24","  24.6","24","1004.8","24","983.5","24","999.9"," 0","  1.1","24","  1.9","999.9","  27.3"," ","  21.4"," "," 0.02","G","  8.7","000000"
"01293099999","2024-12-24","63.4166666","11.7333333","171.0","MERAKER EGGE, NO","  32.8","24","  28.8","24","1007.0","24","985.9","24","999.9"," 0","  3.3","24","  7.8","999.9","  39.0"," ","  22.8"," "," 0.04","G","  8.7","000000"
"01293099999","2024-12-25","63.4166666","11.7333333","171.0","MERAKER EGGE, NO","  41.8","24","  39.5","24","1010.6","24","989.9","24","999.9"," 0","  5.0","24"," 15.5","999.9","  53.1"," ","  34.5"," "," 0.17","G","  3.9","000000"
"01293099999","2024-12-26","63.4166666","11.7333333","171.0","MERAKER EGGE, NO","  41.0","24","  33.3","24","1021.1","24","000.1","24","999.9"," 0","  8.7","24"," 15.5","999.9","  49.8"," ","  34.2"," "," 0.57","G","  1.2","000000"
"01293099999","2024-12-27","63.4166666","11.7333333","171.0","MERAKER EGGE, NO","  36.4","24","  26.9","24","1026.2","24","004.9","24","999.9"," 0","  5.1","24","  7.8","999.9","  41.9"," ","  31.6"," "," 0.12","G","  0.8","000000"
"01293099999","2024-12-28","63.4166666","11.7333333","171.0","MERAKER EGGE, NO","  32.9","24","  30.0","24","1014.2","24","993.1","24","999.9"," 0","  2.6","24","  5.8","999.9","  40.5"," ","  29.7"," "," 0.00","G","  0.8","000000"
"01293099999","2024-12-29","63.4166666","11.7333333","171.0","MERAKER EGGE, NO","  35.3","24","  27.7","24"," 996.2","24","975.5","24","999.9"," 0"," 10.0","24"," 13.6","999.9","  42.4"," ","  30.0"," "," 0.02","G","  4.3","000000"
"01293099999","2024-12-30","63.4166666","11.7333333","171.0","MERAKER EGGE, NO","  27.8","24","  25.5","24","1002.6","24","981.5","24","999.9"," 0","  4.5","24","  9.7","999.9","  32.2"," ","  23.7"," "," 0.46","G"," 11.8","000000"
"01293099999","2024-12-31","63.4166666","11.7333333","171.0","MERAKER EGGE, NO","  18.6","24","  15.2","24","1006.4","24","984.7","24","999.9"," 0","  3.4","24","  9.7","999.9","  27.0"," ","  10.6"," "," 0.29","G"," 11.0","000000"
